Importance,Occupation,Criteria
97,"English Language and Literature Teachers, Postsecondary",Verbal Ability
97,Editors,Verbal Ability
94,Geneticists,Verbal Ability
94,Historians,Verbal Ability
91,Molecular and Cellular Biologists,Verbal Ability
91,Political Scientists,Verbal Ability
91,Editors,Verbal Ability
91,"Poets, Lyricists and Creative Writers",Verbal Ability
91,Writers and Authors,Verbal Ability
88,Lawyers,Verbal Ability
88,Judicial Law Clerks,Verbal Ability
88,Anthropologists and Archeologists,Verbal Ability
85,Epidemiologists,Verbal Ability
85,Radiologists,Verbal Ability
85,Anthropologists and Archeologists,Verbal Ability
85,"Judges, Magistrate Judges, and Magistrates",Verbal Ability
85,"Law Teachers, Postsecondary",Verbal Ability
85,Urologists,Verbal Ability
85,Industrial-Organizational Psychologists,Verbal Ability
85,Instructional Coordinators,Verbal Ability
85,Sports Medicine Physicians,Verbal Ability
85,"Claims Adjusters, Examiners, and Investigators",Verbal Ability
85,Clinical and Counseling Psychologists,Verbal Ability
85,Equal Opportunity Representatives and Officers,Verbal Ability
85,Proofreaders and Copy Markers,Verbal Ability
85,Geneticists,Verbal Ability
85,"History Teachers, Postsecondary",Verbal Ability
81,Physicists,Verbal Ability
81,Biochemists and Biophysicists,Verbal Ability
81,"Administrative Law Judges, Adjudicators, and Hearing Officers",Verbal Ability
81,Atmospheric and Space Scientists,Verbal Ability
81,Family Medicine Physicians,Verbal Ability
81,"Forestry and Conservation Science Teachers, Postsecondary",Verbal Ability
81,Hospitalists,Verbal Ability
81,"Library Science Teachers, Postsecondary",Verbal Ability
81,Microbiologists,Verbal Ability
81,Nurse Practitioners,Verbal Ability
81,Obstetricians and Gynecologists,Verbal Ability
81,"Ophthalmologists, Except Pediatric",Verbal Ability
81,"Pediatricians, General",Verbal Ability
81,"Political Science Teachers, Postsecondary",Verbal Ability
81,Allergists and Immunologists,Verbal Ability
81,Anesthesiologists,Verbal Ability
81,Bioinformatics Scientists,Verbal Ability
81,Chief Executives,Verbal Ability
81,Environmental Economists,Verbal Ability
81,Genetic Counselors,Verbal Ability
81,Materials Scientists,Verbal Ability
81,Regulatory Affairs Specialists,Verbal Ability
81,Architectural and Engineering Managers,Verbal Ability
81,Financial Examiners,Verbal Ability
81,Intelligence Analysts,Verbal Ability
81,Operations Research Analysts,Verbal Ability
81,Psychiatrists,Verbal Ability
81,"Education Administrators, Kindergarten through Secondary",Verbal Ability
81,Nurse Midwives,Verbal Ability
81,Climate Change Policy Analysts,Verbal Ability
81,Logistics Engineers,Verbal Ability
81,Biochemists and Biophysicists,Verbal Ability
81,Technical Writers,Verbal Ability
81,"English Language and Literature Teachers, Postsecondary",Verbal Ability
81,Epidemiologists,Verbal Ability
81,Bioinformatics Scientists,Verbal Ability
81,Historians,Verbal Ability
81,Industrial-Organizational Psychologists,Verbal Ability
81,"Physicians, Pathologists",Verbal Ability
81,Urologists,Verbal Ability
81,Speech-Language Pathologists,Verbal Ability
81,"Education Administrators, Kindergarten through Secondary",Verbal Ability
81,Instructional Coordinators,Verbal Ability
81,Judicial Law Clerks,Verbal Ability
81,Clinical and Counseling Psychologists,Verbal Ability
81,"Fraud Examiners, Investigators and Analysts",Verbal Ability
78,Preventive Medicine Physicians,Verbal Ability
78,Aerospace Engineers,Verbal Ability
78,"Engineering Teachers, Postsecondary",Verbal Ability
78,Neurologists,Verbal Ability
78,"Physicians, Pathologists",Verbal Ability
78,Podiatrists,Verbal Ability
78,"Anthropology and Archeology Teachers, Postsecondary",Verbal Ability
78,"Art, Drama, and Music Teachers, Postsecondary",Verbal Ability
78,"Biological Science Teachers, Postsecondary",Verbal Ability
78,Biostatisticians,Verbal Ability
78,Chemical Engineers,Verbal Ability
78,Economists,Verbal Ability
78,"Education Teachers, Postsecondary",Verbal Ability
78,"Environmental Science Teachers, Postsecondary",Verbal Ability
78,"Environmental Scientists and Specialists, Including Health",Verbal Ability
78,General Internal Medicine Physicians,Verbal Ability
78,"Geoscientists, Except Hydrologists and Geographers",Verbal Ability
78,"Health Specialties Teachers, Postsecondary",Verbal Ability
78,"History Teachers, Postsecondary",Verbal Ability
78,Natural Sciences Managers,Verbal Ability
78,Nuclear Engineers,Verbal Ability
78,"Nursing Instructors and Teachers, Postsecondary",Verbal Ability
78,"Philosophy and Religion Teachers, Postsecondary",Verbal Ability
78,"Psychology Teachers, Postsecondary",Verbal Ability
78,Agricultural Engineers,Verbal Ability
78,"Agricultural Sciences Teachers, Postsecondary",Verbal Ability
78,Bioengineers and Biomedical Engineers,Verbal Ability
78,"Business Teachers, Postsecondary",Verbal Ability
78,Health Informatics Specialists,Verbal Ability
78,Pharmacists,Verbal Ability
78,School Psychologists,Verbal Ability
78,Audiologists,Verbal Ability
78,Electrical Engineers,Verbal Ability
78,"Family and Consumer Sciences Teachers, Postsecondary",Verbal Ability
78,Geographers,Verbal Ability
78,Sociologists,Verbal Ability
78,Environmental Engineers,Verbal Ability
78,Financial Managers,Verbal Ability
78,Microsystems Engineers,Verbal Ability
78,Business Intelligence Analysts,Verbal Ability
78,"Education Administrators, Postsecondary",Verbal Ability
78,"Educational, Guidance, and Career Counselors and Advisors",Verbal Ability
78,Farm and Home Management Educators,Verbal Ability
78,Nurse Anesthetists,Verbal Ability
78,Speech-Language Pathologists,Verbal Ability
78,Technical Writers,Verbal Ability
78,Hydroelectric Production Managers,Verbal Ability
78,Medical and Health Services Managers,Verbal Ability
78,Regulatory Affairs Managers,Verbal Ability
78,Treasurers and Controllers,Verbal Ability
78,Validation Engineers,Verbal Ability
78,Veterinarians,Verbal Ability
78,Advanced Practice Psychiatric Nurses,Verbal Ability
78,Clinical Nurse Specialists,Verbal Ability
78,Human Resources Managers,Verbal Ability
78,Mental Health and Substance Abuse Social Workers,Verbal Ability
78,Mental Health Counselors,Verbal Ability
78,Orthotists and Prosthetists,Verbal Ability
78,Paralegals and Legal Assistants,Verbal Ability
78,Survey Researchers,Verbal Ability
78,Writers and Authors,Verbal Ability
78,"Child, Family, and School Social Workers",Verbal Ability
78,Management Analysts,Verbal Ability
78,Medical Transcriptionists,Verbal Ability
78,"Poets, Lyricists and Creative Writers",Verbal Ability
78,First-Line Supervisors of Police and Detectives,Verbal Ability
78,Loan Interviewers and Clerks,Verbal Ability
78,Media Programming Directors,Verbal Ability
78,"Purchasing Agents, Except Wholesale, Retail, and Farm Products",Verbal Ability
78,"Special Education Teachers, Middle School",Verbal Ability
78,Librarians and Media Collections Specialists,Verbal Ability
78,Molecular and Cellular Biologists,Verbal Ability
78,"Business Teachers, Postsecondary",Verbal Ability
78,"Administrative Law Judges, Adjudicators, and Hearing Officers",Verbal Ability
78,"Anthropology and Archeology Teachers, Postsecondary",Verbal Ability
78,"Biological Science Teachers, Postsecondary",Verbal Ability
78,"Chemistry Teachers, Postsecondary",Verbal Ability
78,"Education Teachers, Postsecondary",Verbal Ability
78,"Judges, Magistrate Judges, and Magistrates",Verbal Ability
78,Lawyers,Verbal Ability
78,"Medical Scientists, Except Epidemiologists",Verbal Ability
78,Microbiologists,Verbal Ability
78,"Psychology Teachers, Postsecondary",Verbal Ability
78,"Area, Ethnic, and Cultural Studies Teachers, Postsecondary",Verbal Ability
78,"Forestry and Conservation Science Teachers, Postsecondary",Verbal Ability
78,Geographers,Verbal Ability
78,"Geography Teachers, Postsecondary",Verbal Ability
78,"Pediatricians, General",Verbal Ability
78,Psychiatrists,Verbal Ability
78,"Art, Drama, and Music Teachers, Postsecondary",Verbal Ability
78,Chief Executives,Verbal Ability
78,"Education Administrators, Postsecondary",Verbal Ability
78,Intelligence Analysts,Verbal Ability
78,Materials Scientists,Verbal Ability
78,Sociologists,Verbal Ability
78,"Arbitrators, Mediators, and Conciliators",Verbal Ability
78,Radiologists,Verbal Ability
78,Equal Opportunity Representatives and Officers,Verbal Ability
78,Obstetricians and Gynecologists,Verbal Ability
78,Sports Medicine Physicians,Verbal Ability
78,Chief Sustainability Officers,Verbal Ability
78,Electrical Engineers,Verbal Ability
78,Business Intelligence Analysts,Verbal Ability
78,Compliance Managers,Verbal Ability
78,"Education and Childcare Administrators, Preschool and Daycare",Verbal Ability
78,Mental Health and Substance Abuse Social Workers,Verbal Ability
78,Mental Health Counselors,Verbal Ability
78,Nurse Practitioners,Verbal Ability
78,Podiatrists,Verbal Ability
78,Survey Researchers,Verbal Ability
78,Regulatory Affairs Specialists,Verbal Ability
78,Validation Engineers,Verbal Ability
78,"Child, Family, and School Social Workers",Verbal Ability
78,Correspondence Clerks,Verbal Ability
78,Media Programming Directors,Verbal Ability
77,"Health and Safety Engineers, Except Mining Safety Engineers and Inspectors",Verbal Ability
77,"News Analysts, Reporters, and Journalists",Verbal Ability
75,Nanosystems Engineers,Verbal Ability
75,"Atmospheric, Earth, Marine, and Space Sciences Teachers, Postsecondary",Verbal Ability
75,"Medical Scientists, Except Epidemiologists",Verbal Ability
75,Soil and Plant Scientists,Verbal Ability
75,Animal Scientists,Verbal Ability
75,"Architecture Teachers, Postsecondary",Verbal Ability
75,Astronomers,Verbal Ability
75,Biologists,Verbal Ability
75,"Chemistry Teachers, Postsecondary",Verbal Ability
75,Civil Engineers,Verbal Ability
75,"Criminal Justice and Law Enforcement Teachers, Postsecondary",Verbal Ability
75,"Economics Teachers, Postsecondary",Verbal Ability
75,"Geography Teachers, Postsecondary",Verbal Ability
75,Hydrologists,Verbal Ability
75,Marine Engineers and Naval Architects,Verbal Ability
75,Mathematicians,Verbal Ability
75,Naturopathic Physicians,Verbal Ability
75,Photonics Engineers,Verbal Ability
75,Robotics Engineers,Verbal Ability
75,Statisticians,Verbal Ability
75,Zoologists and Wildlife Biologists,Verbal Ability
75,"Area, Ethnic, and Cultural Studies Teachers, Postsecondary",Verbal Ability
75,Chemists,Verbal Ability
75,"Computer Science Teachers, Postsecondary",Verbal Ability
75,Financial Quantitative Analysts,Verbal Ability
75,Fuel Cell Engineers,Verbal Ability
75,Geodetic Surveyors,Verbal Ability
75,Human Factors Engineers and Ergonomists,Verbal Ability
75,Materials Engineers,Verbal Ability
75,"Mining and Geological Engineers, Including Mining Safety Engineers",Verbal Ability
75,Physical Medicine and Rehabilitation Physicians,Verbal Ability
75,"Physics Teachers, Postsecondary",Verbal Ability
75,Remote Sensing Scientists and Technologists,Verbal Ability
75,"Social Work Teachers, Postsecondary",Verbal Ability
75,"Sociology Teachers, Postsecondary",Verbal Ability
75,Solar Energy Systems Engineers,Verbal Ability
75,Actuaries,Verbal Ability
75,"Arbitrators, Mediators, and Conciliators",Verbal Ability
75,Automotive Engineers,Verbal Ability
75,Brownfield Redevelopment Specialists and Site Managers,Verbal Ability
75,"Communications Teachers, Postsecondary",Verbal Ability
75,Curators,Verbal Ability
75,Environmental Engineering Technologists and Technicians,Verbal Ability
75,"Foreign Language and Literature Teachers, Postsecondary",Verbal Ability
75,Mechanical Engineers,Verbal Ability
75,Optometrists,Verbal Ability
75,"Recreation and Fitness Studies Teachers, Postsecondary",Verbal Ability
75,Transportation Engineers,Verbal Ability
75,"Energy Engineers, Except Wind and Solar",Verbal Ability
75,Environmental Restoration Planners,Verbal Ability
75,Exercise Physiologists,Verbal Ability
75,Mechatronics Engineers,Verbal Ability
75,Petroleum Engineers,Verbal Ability
75,Sales Engineers,Verbal Ability
75,Water/Wastewater Engineers,Verbal Ability
75,Bioinformatics Technicians,Verbal Ability
75,Computer Hardware Engineers,Verbal Ability
75,Conservation Scientists,Verbal Ability
75,Market Research Analysts and Marketing Specialists,Verbal Ability
75,Orthoptists,Verbal Ability
75,Physician Assistants,Verbal Ability
75,"Architects, Except Landscape and Naval",Verbal Ability
75,Compliance Managers,Verbal Ability
75,Computer and Information Systems Managers,Verbal Ability
75,Computer Network Architects,Verbal Ability
75,"Electronics Engineers, Except Computer",Verbal Ability
75,Environmental Compliance Inspectors,Verbal Ability
75,Forensic Science Technicians,Verbal Ability
75,Industrial Engineers,Verbal Ability
75,Investment Fund Managers,Verbal Ability
75,Labor Relations Specialists,Verbal Ability
75,Marriage and Family Therapists,Verbal Ability
75,"Mathematical Science Teachers, Postsecondary",Verbal Ability
75,Archivists,Verbal Ability
75,Biofuels/Biodiesel Technology and Product Development Managers,Verbal Ability
75,Biomass Power Plant Managers,Verbal Ability
75,Chief Sustainability Officers,Verbal Ability
75,Chiropractors,Verbal Ability
75,Clinical Data Managers,Verbal Ability
75,Clinical Research Coordinators,Verbal Ability
75,Compensation and Benefits Managers,Verbal Ability
75,Computer Systems Analysts,Verbal Ability
75,"Dentists, General",Verbal Ability
75,Dermatologists,Verbal Ability
75,Dietitians and Nutritionists,Verbal Ability
75,Food Scientists and Technologists,Verbal Ability
75,Health Education Specialists,Verbal Ability
75,Healthcare Social Workers,Verbal Ability
75,Information Technology Project Managers,Verbal Ability
75,Mechanical Engineering Technologists and Technicians,Verbal Ability
75,"Meeting, Convention, and Event Planners",Verbal Ability
75,Registered Nurses,Verbal Ability
75,Robotics Technicians,Verbal Ability
75,Social Science Research Assistants,Verbal Ability
75,Substance Abuse and Behavioral Disorder Counselors,Verbal Ability
75,Supply Chain Managers,Verbal Ability
75,Urban and Regional Planners,Verbal Ability
75,Wind Energy Development Managers,Verbal Ability
75,Aircraft Mechanics and Service Technicians,Verbal Ability
75,"Airline Pilots, Copilots, and Flight Engineers",Verbal Ability
75,Anesthesiologist Assistants,Verbal Ability
75,Art Therapists,Verbal Ability
75,Biofuels Production Managers,Verbal Ability
75,Cartographers and Photogrammetrists,Verbal Ability
75,Chemical Technicians,Verbal Ability
75,Computer Systems Engineers/Architects,Verbal Ability
75,Coroners,Verbal Ability
75,Cytogenetic Technologists,Verbal Ability
75,"Education and Childcare Administrators, Preschool and Daycare",Verbal Ability
75,Emergency Management Directors,Verbal Ability
75,"Environmental Science and Protection Technicians, Including Health",Verbal Ability
75,"Fraud Examiners, Investigators and Analysts",Verbal Ability
75,Information Security Analysts,Verbal Ability
75,Licensed Practical and Licensed Vocational Nurses,Verbal Ability
75,Marketing Managers,Verbal Ability
75,Occupational Health and Safety Specialists,Verbal Ability
75,Orthodontists,Verbal Ability
75,Personal Financial Advisors,Verbal Ability
75,Quality Control Systems Managers,Verbal Ability
75,Range Managers,Verbal Ability
75,"Secondary School Teachers, Except Special and Career/Technical Education",Verbal Ability
75,Software Quality Assurance Analysts and Testers,Verbal Ability
75,Surveyors,Verbal Ability
75,Sustainability Specialists,Verbal Ability
75,"Tax Examiners and Collectors, and Revenue Agents",Verbal Ability
75,Training and Development Managers,Verbal Ability
75,Training and Development Specialists,Verbal Ability
75,Transportation Planners,Verbal Ability
75,Water Resource Specialists,Verbal Ability
75,Web Administrators,Verbal Ability
75,Acute Care Nurses,Verbal Ability
75,Administrative Services Managers,Verbal Ability
75,"Adult Basic Education, Adult Secondary Education, and English as a Second Language Instructors",Verbal Ability
75,Advertising and Promotions Managers,Verbal Ability
75,Aerospace Engineering and Operations Technologists and Technicians,Verbal Ability
75,"Agents and Business Managers of Artists, Performers, and Athletes",Verbal Ability
75,Airfield Operations Specialists,Verbal Ability
75,Art Directors,Verbal Ability
75,Broadcast Announcers and Radio Disc Jockeys,Verbal Ability
75,Budget Analysts,Verbal Ability
75,"Career/Technical Education Teachers, Middle School",Verbal Ability
75,"Career/Technical Education Teachers, Secondary School",Verbal Ability
75,Clergy,Verbal Ability
75,Compliance Officers,Verbal Ability
75,Computer Programmers,Verbal Ability
75,Computer User Support Specialists,Verbal Ability
75,Correspondence Clerks,Verbal Ability
75,Cytotechnologists,Verbal Ability
75,Detectives and Criminal Investigators,Verbal Ability
75,"Directors, Religious Activities and Education",Verbal Ability
75,Electrical and Electronics Drafters,Verbal Ability
75,"Elementary School Teachers, Except Special Education",Verbal Ability
75,Energy Auditors,Verbal Ability
75,Executive Secretaries and Executive Administrative Assistants,Verbal Ability
75,Fire Inspectors and Investigators,Verbal Ability
75,Fire-Prevention and Protection Engineers,Verbal Ability
75,"First-Line Supervisors of Mechanics, Installers, and Repairers",Verbal Ability
75,First-Line Supervisors of Office and Administrative Support Workers,Verbal Ability
75,Fundraisers,Verbal Ability
75,General and Operations Managers,Verbal Ability
75,Government Property Inspectors and Investigators,Verbal Ability
75,Human Resources Specialists,Verbal Ability
75,Industrial Production Managers,Verbal Ability
75,Insurance Sales Agents,Verbal Ability
75,Interior Designers,Verbal Ability
75,Interpreters and Translators,Verbal Ability
75,Landscape Architects,Verbal Ability
75,Loan Officers,Verbal Ability
75,Lodging Managers,Verbal Ability
75,Logisticians,Verbal Ability
75,"Low Vision Therapists, Orientation and Mobility Specialists, and Vision Rehabilitation Therapists",Verbal Ability
75,Medical and Clinical Laboratory Technologists,Verbal Ability
75,"Middle School Teachers, Except Special and Career/Technical Education",Verbal Ability
75,Nuclear Power Reactor Operators,Verbal Ability
75,Physical Therapists,Verbal Ability
75,Police Identification and Records Officers,Verbal Ability
75,Probation Officers and Correctional Treatment Specialists,Verbal Ability
75,"Property, Real Estate, and Community Association Managers",Verbal Ability
75,Quality Control Analysts,Verbal Ability
75,Real Estate Brokers,Verbal Ability
75,Sales Managers,Verbal Ability
75,Search Marketing Strategists,Verbal Ability
75,Social and Community Service Managers,Verbal Ability
75,"Special Education Teachers, Preschool",Verbal Ability
75,"Special Education Teachers, Secondary School",Verbal Ability
75,Special Effects Artists and Animators,Verbal Ability
75,Statistical Assistants,Verbal Ability
75,Talent Directors,Verbal Ability
75,"Teaching Assistants, Postsecondary",Verbal Ability
75,"Title Examiners, Abstractors, and Searchers",Verbal Ability
75,Tutors,Verbal Ability
75,Wind Energy Operations Managers,Verbal Ability
75,"Kindergarten Teachers, Except Special Education",Verbal Ability
75,Legal Secretaries and Administrative Assistants,Verbal Ability
75,Pharmacy Technicians,Verbal Ability
75,"Secretaries and Administrative Assistants, Except Legal, Medical, and Executive",Verbal Ability
75,Solar Energy Installation Managers,Verbal Ability
75,Video Game Designers,Verbal Ability
75,Medical Assistants,Verbal Ability
75,Non-Destructive Testing Specialists,Verbal Ability
75,Postmasters and Mail Superintendents,Verbal Ability
75,Medical Secretaries and Administrative Assistants,Verbal Ability
75,File Clerks,Verbal Ability
75,Physicists,Verbal Ability
75,"Atmospheric, Earth, Marine, and Space Sciences Teachers, Postsecondary",Verbal Ability
75,"Architecture Teachers, Postsecondary",Verbal Ability
75,Astronomers,Verbal Ability
75,"Computer Science Teachers, Postsecondary",Verbal Ability
75,"Criminal Justice and Law Enforcement Teachers, Postsecondary",Verbal Ability
75,"Economics Teachers, Postsecondary",Verbal Ability
75,Economists,Verbal Ability
75,"Environmental Science Teachers, Postsecondary",Verbal Ability
75,"Health Specialties Teachers, Postsecondary",Verbal Ability
75,"Law Teachers, Postsecondary",Verbal Ability
75,Natural Sciences Managers,Verbal Ability
75,"Philosophy and Religion Teachers, Postsecondary",Verbal Ability
75,"Physics Teachers, Postsecondary",Verbal Ability
75,"Political Science Teachers, Postsecondary",Verbal Ability
75,Preventive Medicine Physicians,Verbal Ability
75,"Social Work Teachers, Postsecondary",Verbal Ability
75,"Sociology Teachers, Postsecondary",Verbal Ability
75,Zoologists and Wildlife Biologists,Verbal Ability
75,"Agricultural Sciences Teachers, Postsecondary",Verbal Ability
75,Animal Scientists,Verbal Ability
75,Biologists,Verbal Ability
75,Chemists,Verbal Ability
75,"Communications Teachers, Postsecondary",Verbal Ability
75,Family Medicine Physicians,Verbal Ability
75,Genetic Counselors,Verbal Ability
75,Industrial Ecologists,Verbal Ability
75,"Library Science Teachers, Postsecondary",Verbal Ability
75,Nuclear Engineers,Verbal Ability
75,"Nursing Instructors and Teachers, Postsecondary",Verbal Ability
75,Political Scientists,Verbal Ability
75,Statisticians,Verbal Ability
75,Atmospheric and Space Scientists,Verbal Ability
75,Environmental Economists,Verbal Ability
75,Environmental Engineers,Verbal Ability
75,"Foreign Language and Literature Teachers, Postsecondary",Verbal Ability
75,General Internal Medicine Physicians,Verbal Ability
75,School Psychologists,Verbal Ability
75,Soil and Plant Scientists,Verbal Ability
75,Business Continuity Planners,Verbal Ability
75,Human Factors Engineers and Ergonomists,Verbal Ability
75,Hydrologists,Verbal Ability
75,"Mining and Geological Engineers, Including Mining Safety Engineers",Verbal Ability
75,"Ophthalmologists, Except Pediatric",Verbal Ability
75,Petroleum Engineers,Verbal Ability
75,Remote Sensing Scientists and Technologists,Verbal Ability
75,Training and Development Managers,Verbal Ability
75,Computer Systems Engineers/Architects,Verbal Ability
75,"Environmental Scientists and Specialists, Including Health",Verbal Ability
75,"Family and Consumer Sciences Teachers, Postsecondary",Verbal Ability
75,Fuel Cell Engineers,Verbal Ability
75,Hospitalists,Verbal Ability
75,Market Research Analysts and Marketing Specialists,Verbal Ability
75,Audiologists,Verbal Ability
75,"Educational, Guidance, and Career Counselors and Advisors",Verbal Ability
75,Environmental Restoration Planners,Verbal Ability
75,Farm and Home Management Educators,Verbal Ability
75,"Geoscientists, Except Hydrologists and Geographers",Verbal Ability
75,Health Informatics Specialists,Verbal Ability
75,Labor Relations Specialists,Verbal Ability
75,Orthotists and Prosthetists,Verbal Ability
75,"Recreation and Fitness Studies Teachers, Postsecondary",Verbal Ability
75,Urban and Regional Planners,Verbal Ability
75,Allergists and Immunologists,Verbal Ability
75,Brownfield Redevelopment Specialists and Site Managers,Verbal Ability
75,Clinical Nurse Specialists,Verbal Ability
75,Dietitians and Nutritionists,Verbal Ability
75,Emergency Management Directors,Verbal Ability
75,"Health and Safety Engineers, Except Mining Safety Engineers and Inspectors",Verbal Ability
75,Health Education Specialists,Verbal Ability
75,Industrial Engineers,Verbal Ability
75,Management Analysts,Verbal Ability
75,Public Relations Specialists,Verbal Ability
75,Regulatory Affairs Managers,Verbal Ability
75,Solar Energy Systems Engineers,Verbal Ability
75,"Architects, Except Landscape and Naval",Verbal Ability
75,"Career/Technical Education Teachers, Secondary School",Verbal Ability
75,Climate Change Policy Analysts,Verbal Ability
75,Compensation and Benefits Managers,Verbal Ability
75,Coroners,Verbal Ability
75,"Elementary School Teachers, Except Special Education",Verbal Ability
75,Financial Examiners,Verbal Ability
75,Forensic Science Technicians,Verbal Ability
75,Geodetic Surveyors,Verbal Ability
75,Marriage and Family Therapists,Verbal Ability
75,Medical and Health Services Managers,Verbal Ability
75,"Meeting, Convention, and Event Planners",Verbal Ability
75,"News Analysts, Reporters, and Journalists",Verbal Ability
75,Orthoptists,Verbal Ability
75,Physician Assistants,Verbal Ability
75,Quality Control Systems Managers,Verbal Ability
75,Sustainability Specialists,Verbal Ability
75,Training and Development Specialists,Verbal Ability
75,Transportation Engineers,Verbal Ability
75,Transportation Planners,Verbal Ability
75,Treasurers and Controllers,Verbal Ability
75,Water/Wastewater Engineers,Verbal Ability
75,Actuaries,Verbal Ability
75,"Adult Basic Education, Adult Secondary Education, and English as a Second Language Instructors",Verbal Ability
75,Advanced Practice Psychiatric Nurses,Verbal Ability
75,Anesthesiologists,Verbal Ability
75,Archivists,Verbal Ability
75,Civil Engineers,Verbal Ability
75,Clergy,Verbal Ability
75,Clinical Research Coordinators,Verbal Ability
75,"Directors, Religious Activities and Education",Verbal Ability
75,Energy Auditors,Verbal Ability
75,Executive Secretaries and Executive Administrative Assistants,Verbal Ability
75,Fire Inspectors and Investigators,Verbal Ability
75,Fundraisers,Verbal Ability
75,General and Operations Managers,Verbal Ability
75,Government Property Inspectors and Investigators,Verbal Ability
75,Human Resources Managers,Verbal Ability
75,Information Technology Project Managers,Verbal Ability
75,Interpreters and Translators,Verbal Ability
75,Lodging Managers,Verbal Ability
75,Logistics Engineers,Verbal Ability
75,Nurse Anesthetists,Verbal Ability
75,Nurse Midwives,Verbal Ability
75,Occupational Health and Safety Specialists,Verbal Ability
75,Occupational Therapists,Verbal Ability
75,Operations Research Analysts,Verbal Ability
75,Orthodontists,Verbal Ability
75,Paralegals and Legal Assistants,Verbal Ability
75,Personal Financial Advisors,Verbal Ability
75,"Special Education Teachers, Middle School",Verbal Ability
75,Substance Abuse and Behavioral Disorder Counselors,Verbal Ability
75,Supply Chain Managers,Verbal Ability
75,Tutors,Verbal Ability
75,Wind Energy Operations Managers,Verbal Ability
75,"Secretaries and Administrative Assistants, Except Legal, Medical, and Executive",Verbal Ability
75,"Special Education Teachers, Secondary School",Verbal Ability
75,Court Reporters and Simultaneous Captioners,Verbal Ability
74,Accountants and Auditors,Verbal Ability
74,"Geological Technicians, Except Hydrologic Technicians",Verbal Ability
74,"Transportation, Storage, and Distribution Managers",Verbal Ability
74,"Credit Authorizers, Checkers, and Clerks",Verbal Ability
72,Manufacturing Engineers,Verbal Ability
72,Oral and Maxillofacial Surgeons,Verbal Ability
72,Geographic Information Systems Technologists and Technicians,Verbal Ability
72,Computer and Information Research Scientists,Verbal Ability
72,Avionics Technicians,Verbal Ability
72,"Compensation, Benefits, and Job Analysis Specialists",Verbal Ability
72,Insurance Underwriters,Verbal Ability
72,Producers and Directors,Verbal Ability
72,Business Continuity Planners,Verbal Ability
72,Construction Managers,Verbal Ability
72,Cost Estimators,Verbal Ability
72,Credit Analysts,Verbal Ability
72,Database Administrators,Verbal Ability
72,Foresters,Verbal Ability
72,Magnetic Resonance Imaging Technologists,Verbal Ability
72,Midwives,Verbal Ability
72,Network and Computer Systems Administrators,Verbal Ability
72,Public Relations Specialists,Verbal Ability
72,Purchasing Managers,Verbal Ability
72,Adapted Physical Education Specialists,Verbal Ability
72,Automotive Engineering Technicians,Verbal Ability
72,Aviation Inspectors,Verbal Ability
72,"Career/Technical Education Teachers, Postsecondary",Verbal Ability
72,Civil Engineering Technologists and Technicians,Verbal Ability
72,Court Reporters and Simultaneous Captioners,Verbal Ability
72,Credit Counselors,Verbal Ability
72,Critical Care Nurses,Verbal Ability
72,Customs and Border Protection Officers,Verbal Ability
72,Customs Brokers,Verbal Ability
72,Data Warehousing Specialists,Verbal Ability
72,Database Architects,Verbal Ability
72,Document Management Specialists,Verbal Ability
72,Fitness and Wellness Coordinators,Verbal Ability
72,Logistics Analysts,Verbal Ability
72,Loss Prevention Managers,Verbal Ability
72,Music Therapists,Verbal Ability
72,Nuclear Monitoring Technicians,Verbal Ability
72,Occupational Therapists,Verbal Ability
72,Private Detectives and Investigators,Verbal Ability
72,Procurement Clerks,Verbal Ability
72,Radio Frequency Identification Device Specialists,Verbal Ability
72,Real Estate Sales Agents,Verbal Ability
72,Recreational Therapists,Verbal Ability
72,Rehabilitation Counselors,Verbal Ability
72,"Sales Representatives, Wholesale and Manufacturing, Technical and Scientific Products",Verbal Ability
72,Speech-Language Pathology Assistants,Verbal Ability
72,Tax Preparers,Verbal Ability
72,Appraisers and Assessors of Real Estate,Verbal Ability
72,Advertising Sales Agents,Verbal Ability
72,Air Traffic Controllers,Verbal Ability
72,Athletic Trainers,Verbal Ability
72,"Bookkeeping, Accounting, and Auditing Clerks",Verbal Ability
72,Diagnostic Medical Sonographers,Verbal Ability
72,"Eligibility Interviewers, Government Programs",Verbal Ability
72,Fashion Designers,Verbal Ability
72,First-Line Supervisors of Correctional Officers,Verbal Ability
72,"Human Resources Assistants, Except Payroll and Timekeeping",Verbal Ability
72,Neurodiagnostic Technologists,Verbal Ability
72,Payroll and Timekeeping Clerks,Verbal Ability
72,Precision Agriculture Technicians,Verbal Ability
72,Set and Exhibit Designers,Verbal Ability
72,Social and Human Service Assistants,Verbal Ability
72,Cargo and Freight Agents,Verbal Ability
72,Community Health Workers,Verbal Ability
72,Police and Sheriff's Patrol Officers,Verbal Ability
72,Transportation Inspectors,Verbal Ability
72,Travel Agents,Verbal Ability
72,Power Distributors and Dispatchers,Verbal Ability
72,Travel Guides,Verbal Ability
72,Actors,Verbal Ability
72,First-Line Supervisors of Personal Service Workers,Verbal Ability
72,Data Entry Keyers,Verbal Ability
72,"Engineering Teachers, Postsecondary",Verbal Ability
72,Nanosystems Engineers,Verbal Ability
72,Biostatisticians,Verbal Ability
72,Materials Engineers,Verbal Ability
72,Aerospace Engineers,Verbal Ability
72,Curators,Verbal Ability
72,Environmental Compliance Inspectors,Verbal Ability
72,Architectural and Engineering Managers,Verbal Ability
72,Mechatronics Engineers,Verbal Ability
72,Photonics Engineers,Verbal Ability
72,Robotics Engineers,Verbal Ability
72,Bioengineers and Biomedical Engineers,Verbal Ability
72,"Mathematical Science Teachers, Postsecondary",Verbal Ability
72,Neurologists,Verbal Ability
72,Agricultural Engineers,Verbal Ability
72,Marine Engineers and Naval Architects,Verbal Ability
72,Computer Network Architects,Verbal Ability
72,Naturopathic Physicians,Verbal Ability
72,Physical Medicine and Rehabilitation Physicians,Verbal Ability
72,Art Therapists,Verbal Ability
72,Biofuels/Biodiesel Technology and Product Development Managers,Verbal Ability
72,"Claims Adjusters, Examiners, and Investigators",Verbal Ability
72,Clinical Data Managers,Verbal Ability
72,Dermatologists,Verbal Ability
72,"Electronics Engineers, Except Computer",Verbal Ability
72,Exercise Physiologists,Verbal Ability
72,Financial Managers,Verbal Ability
72,Healthcare Social Workers,Verbal Ability
72,Marketing Managers,Verbal Ability
72,Medical Transcriptionists,Verbal Ability
72,Pharmacists,Verbal Ability
72,Range Managers,Verbal Ability
72,Sales Engineers,Verbal Ability
72,Search Marketing Strategists,Verbal Ability
72,"Secondary School Teachers, Except Special and Career/Technical Education",Verbal Ability
72,Social and Community Service Managers,Verbal Ability
72,Surveyors,Verbal Ability
72,Water Resource Specialists,Verbal Ability
72,Accountants and Auditors,Verbal Ability
72,Administrative Services Managers,Verbal Ability
72,Advertising and Promotions Managers,Verbal Ability
72,Automotive Engineers,Verbal Ability
72,"Career/Technical Education Teachers, Middle School",Verbal Ability
72,"Career/Technical Education Teachers, Postsecondary",Verbal Ability
72,Chemical Technicians,Verbal Ability
72,Chiropractors,Verbal Ability
72,"Environmental Science and Protection Technicians, Including Health",Verbal Ability
72,Financial Quantitative Analysts,Verbal Ability
72,Fire-Prevention and Protection Engineers,Verbal Ability
72,First-Line Supervisors of Office and Administrative Support Workers,Verbal Ability
72,First-Line Supervisors of Police and Detectives,Verbal Ability
72,Food Scientists and Technologists,Verbal Ability
72,Information Security Analysts,Verbal Ability
72,"Kindergarten Teachers, Except Special Education",Verbal Ability
72,Loan Officers,Verbal Ability
72,Loss Prevention Managers,Verbal Ability
72,"Low Vision Therapists, Orientation and Mobility Specialists, and Vision Rehabilitation Therapists",Verbal Ability
72,"Middle School Teachers, Except Special and Career/Technical Education",Verbal Ability
72,Music Therapists,Verbal Ability
72,Optometrists,Verbal Ability
72,Physical Therapists,Verbal Ability
72,Private Detectives and Investigators,Verbal Ability
72,Recreational Therapists,Verbal Ability
72,Rehabilitation Counselors,Verbal Ability
72,Sales Managers,Verbal Ability
72,Speech-Language Pathology Assistants,Verbal Ability
72,"Transportation, Storage, and Distribution Managers",Verbal Ability
72,Broadcast Announcers and Radio Disc Jockeys,Verbal Ability
72,Budget Analysts,Verbal Ability
72,Critical Care Nurses,Verbal Ability
72,"Eligibility Interviewers, Government Programs",Verbal Ability
72,Human Resources Specialists,Verbal Ability
72,Precision Agriculture Technicians,Verbal Ability
72,"Purchasing Agents, Except Wholesale, Retail, and Farm Products",Verbal Ability
72,Quality Control Analysts,Verbal Ability
72,Social and Human Service Assistants,Verbal Ability
72,Software Quality Assurance Analysts and Testers,Verbal Ability
72,Statistical Assistants,Verbal Ability
72,Video Game Designers,Verbal Ability
72,Adapted Physical Education Specialists,Verbal Ability
72,Computer User Support Specialists,Verbal Ability
72,Legal Secretaries and Administrative Assistants,Verbal Ability
72,Wind Energy Development Managers,Verbal Ability
72,"Credit Authorizers, Checkers, and Clerks",Verbal Ability
70,Nanotechnology Engineering Technologists and Technicians,Verbal Ability
69,Industrial Ecologists,Verbal Ability
69,Wind Energy Engineers,Verbal Ability
69,Park Naturalists,Verbal Ability
69,Agricultural Technicians,Verbal Ability
69,Architectural and Civil Drafters,Verbal Ability
69,Commercial and Industrial Designers,Verbal Ability
69,Commercial Pilots,Verbal Ability
69,Construction and Building Inspectors,Verbal Ability
69,Desktop Publishers,Verbal Ability
69,First-Line Supervisors of Non-Retail Sales Workers,Verbal Ability
69,Funeral Home Managers,Verbal Ability
69,Industrial Engineering Technologists and Technicians,Verbal Ability
69,New Accounts Clerks,Verbal Ability
69,Nuclear Technicians,Verbal Ability
69,Radiation Therapists,Verbal Ability
69,"Wholesale and Retail Buyers, Except Farm Products",Verbal Ability
69,Coaches and Scouts,Verbal Ability
69,First-Line Supervisors of Material-Moving Machine and Vehicle Operators,Verbal Ability
69,Media Technical Directors/Managers,Verbal Ability
69,Music Directors and Composers,Verbal Ability
69,Occupational Health and Safety Technicians,Verbal Ability
69,Physical Therapist Assistants,Verbal Ability
69,"Sales Representatives, Wholesale and Manufacturing, Except Technical and Scientific Products",Verbal Ability
69,Veterinary Technologists and Technicians,Verbal Ability
69,Brokerage Clerks,Verbal Ability
69,Food Science Technicians,Verbal Ability
69,"Insurance Appraisers, Auto Damage",Verbal Ability
69,Nuclear Medicine Technologists,Verbal Ability
69,Patient Representatives,Verbal Ability
69,Respiratory Therapists,Verbal Ability
69,Surgical Assistants,Verbal Ability
69,First-Line Supervisors of Production and Operating Workers,Verbal Ability
69,Online Merchants,Verbal Ability
69,"Opticians, Dispensing",Verbal Ability
69,Word Processors and Typists,Verbal Ability
69,Food Service Managers,Verbal Ability
69,Choreographers,Verbal Ability
69,Graphic Designers,Verbal Ability
69,Order Clerks,Verbal Ability
69,Parts Salespersons,Verbal Ability
69,"Office Clerks, General",Verbal Ability
69,Psychiatric Aides,Verbal Ability
69,Public Safety Telecommunicators,Verbal Ability
69,Mathematicians,Verbal Ability
69,Microsystems Engineers,Verbal Ability
69,Investment Fund Managers,Verbal Ability
69,Computer and Information Research Scientists,Verbal Ability
69,Producers and Directors,Verbal Ability
69,Computer and Information Systems Managers,Verbal Ability
69,Computer Hardware Engineers,Verbal Ability
69,Construction Managers,Verbal Ability
69,Cytogenetic Technologists,Verbal Ability
69,Park Naturalists,Verbal Ability
69,Acute Care Nurses,Verbal Ability
69,Aerospace Engineering and Operations Technologists and Technicians,Verbal Ability
69,Biomass Power Plant Managers,Verbal Ability
69,Cost Estimators,Verbal Ability
69,Credit Counselors,Verbal Ability
69,Document Management Specialists,Verbal Ability
69,First-Line Supervisors of Correctional Officers,Verbal Ability
69,Fitness and Wellness Coordinators,Verbal Ability
69,Foresters,Verbal Ability
69,"Human Resources Assistants, Except Payroll and Timekeeping",Verbal Ability
69,Interior Designers,Verbal Ability
69,Probation Officers and Correctional Treatment Specialists,Verbal Ability
69,"Property, Real Estate, and Community Association Managers",Verbal Ability
69,Purchasing Managers,Verbal Ability
69,"Special Education Teachers, Preschool",Verbal Ability
69,Athletic Trainers,Verbal Ability
69,"Energy Engineers, Except Wind and Solar",Verbal Ability
69,Insurance Underwriters,Verbal Ability
69,Landscape Architects,Verbal Ability
69,Nuclear Monitoring Technicians,Verbal Ability
69,Police Identification and Records Officers,Verbal Ability
69,Registered Nurses,Verbal Ability
69,"Sales Representatives, Wholesale and Manufacturing, Technical and Scientific Products",Verbal Ability
69,Social Science Research Assistants,Verbal Ability
69,Solar Energy Installation Managers,Verbal Ability
69,Biofuels Production Managers,Verbal Ability
69,Customs Brokers,Verbal Ability
69,Food Science Technicians,Verbal Ability
69,Librarians and Media Collections Specialists,Verbal Ability
69,Media Technical Directors/Managers,Verbal Ability
69,Occupational Therapy Assistants,Verbal Ability
69,Patient Representatives,Verbal Ability
69,Set and Exhibit Designers,Verbal Ability
69,"Title Examiners, Abstractors, and Searchers",Verbal Ability
69,Community Health Workers,Verbal Ability
69,Detectives and Criminal Investigators,Verbal Ability
69,Medical Assistants,Verbal Ability
69,Transportation Inspectors,Verbal Ability
69,Payroll and Timekeeping Clerks,Verbal Ability
69,Diagnostic Medical Sonographers,Verbal Ability
69,Transit and Railroad Police,Verbal Ability
69,Gambling Surveillance Officers and Gambling Investigators,Verbal Ability
69,Procurement Clerks,Verbal Ability
67,Electrical and Electronic Engineering Technologists and Technicians,Verbal Ability
67,Surveying and Mapping Technicians,Verbal Ability
67,"Farmers, Ranchers, and Other Agricultural Managers",Verbal Ability
66,Biological Technicians,Verbal Ability
66,Geothermal Production Managers,Verbal Ability
66,"Securities, Commodities, and Financial Services Sales Agents",Verbal Ability
66,Acupuncturists,Verbal Ability
66,Computer Network Support Specialists,Verbal Ability
66,Film and Video Editors,Verbal Ability
66,"Buyers and Purchasing Agents, Farm Products",Verbal Ability
66,"Farmers, Ranchers, and Other Agricultural Managers",Verbal Ability
66,First-Line Supervisors of Firefighting and Prevention Workers,Verbal Ability
66,Occupational Therapy Assistants,Verbal Ability
66,Web Developers,Verbal Ability
66,Agricultural Inspectors,Verbal Ability
66,Bill and Account Collectors,Verbal Ability
66,Fish and Game Wardens,Verbal Ability
66,Ophthalmic Medical Technologists,Verbal Ability
66,Solar Sales Representatives and Assessors,Verbal Ability
66,Spa Managers,Verbal Ability
66,Chemical Equipment Operators and Tenders,Verbal Ability
66,Endoscopy Technicians,Verbal Ability
66,Forest and Conservation Technicians,Verbal Ability
66,Freight Forwarders,Verbal Ability
66,Insurance Claims and Policy Processing Clerks,Verbal Ability
66,Psychiatric Technicians,Verbal Ability
66,Radiologic Technologists and Technicians,Verbal Ability
66,Traffic Technicians,Verbal Ability
66,Broadcast Technicians,Verbal Ability
66,"Captains, Mates, and Pilots of Water Vessels",Verbal Ability
66,"Electrical and Electronics Repairers, Powerhouse, Substation, and Relay",Verbal Ability
66,Water and Wastewater Treatment Plant and System Operators,Verbal Ability
66,"Production, Planning, and Expediting Clerks",Verbal Ability
66,Reservation and Transportation Ticket Agents and Travel Clerks,Verbal Ability
66,Billing and Posting Clerks,Verbal Ability
66,"Dispatchers, Except Police, Fire, and Ambulance",Verbal Ability
66,"Library Assistants, Clerical",Verbal Ability
66,Medical and Clinical Laboratory Technicians,Verbal Ability
66,"Preschool Teachers, Except Special Education",Verbal Ability
66,Fabric and Apparel Patternmakers,Verbal Ability
66,"Office Machine Operators, Except Computer",Verbal Ability
66,Receptionists and Information Clerks,Verbal Ability
66,Manufacturing Engineers,Verbal Ability
66,Bioinformatics Technicians,Verbal Ability
66,Conservation Scientists,Verbal Ability
66,Hydroelectric Production Managers,Verbal Ability
66,Oral and Maxillofacial Surgeons,Verbal Ability
66,Veterinarians,Verbal Ability
66,"Agents and Business Managers of Artists, Performers, and Athletes",Verbal Ability
66,Civil Engineering Technologists and Technicians,Verbal Ability
66,Compliance Officers,Verbal Ability
66,Proofreaders and Copy Markers,Verbal Ability
66,Aviation Inspectors,Verbal Ability
66,Biological Technicians,Verbal Ability
66,Construction and Building Inspectors,Verbal Ability
66,Loan Interviewers and Clerks,Verbal Ability
66,Logisticians,Verbal Ability
66,Nuclear Power Reactor Operators,Verbal Ability
66,Talent Directors,Verbal Ability
66,"Tax Examiners and Collectors, and Revenue Agents",Verbal Ability
66,Web Administrators,Verbal Ability
66,Airfield Operations Specialists,Verbal Ability
66,Avionics Technicians,Verbal Ability
66,Customs and Border Protection Officers,Verbal Ability
66,Desktop Publishers,Verbal Ability
66,Electrical and Electronics Drafters,Verbal Ability
66,First-Line Supervisors of Firefighting and Prevention Workers,Verbal Ability
66,First-Line Supervisors of Production and Operating Workers,Verbal Ability
66,Geothermal Production Managers,Verbal Ability
66,"Insurance Appraisers, Auto Damage",Verbal Ability
66,Insurance Sales Agents,Verbal Ability
66,Occupational Health and Safety Technicians,Verbal Ability
66,"Sales Representatives, Wholesale and Manufacturing, Except Technical and Scientific Products",Verbal Ability
66,"Bookkeeping, Accounting, and Auditing Clerks",Verbal Ability
66,Brokerage Clerks,Verbal Ability
66,Fashion Designers,Verbal Ability
66,Funeral Home Managers,Verbal Ability
66,"Opticians, Dispensing",Verbal Ability
66,Power Distributors and Dispatchers,Verbal Ability
66,Radiation Therapists,Verbal Ability
66,"Dispatchers, Except Police, Fire, and Ambulance",Verbal Ability
66,Customer Service Representatives,Verbal Ability
66,"Office Clerks, General",Verbal Ability
66,Pest Control Workers,Verbal Ability
63,Remote Sensing Technicians,Verbal Ability
63,Ship Engineers,Verbal Ability
63,"Interviewers, Except Eligibility and Loan",Verbal Ability
63,Museum Technicians and Conservators,Verbal Ability
63,Phlebotomists,Verbal Ability
63,Prosthodontists,Verbal Ability
63,Telecommunications Engineering Specialists,Verbal Ability
63,Audio and Video Technicians,Verbal Ability
63,Biofuels Processing Technicians,Verbal Ability
63,Cardiovascular Technologists and Technicians,Verbal Ability
63,"Court, Municipal, and License Clerks",Verbal Ability
63,First-Line Supervisors of Gambling Services Workers,Verbal Ability
63,"First-Line Supervisors of Helpers, Laborers, and Material Movers, Hand",Verbal Ability
63,Photonics Technicians,Verbal Ability
63,Forest Fire Inspectors and Prevention Specialists,Verbal Ability
63,Hearing Aid Specialists,Verbal Ability
63,Musicians and Singers,Verbal Ability
63,Sound Engineering Technicians,Verbal Ability
63,"Computer, Automated Teller, and Office Machine Repairers",Verbal Ability
63,Dental Assistants,Verbal Ability
63,Semiconductor Processing Technicians,Verbal Ability
63,Retail Loss Prevention Specialists,Verbal Ability
63,Remote Sensing Technicians,Verbal Ability
63,Data Warehousing Specialists,Verbal Ability
63,Geographic Information Systems Technologists and Technicians,Verbal Ability
63,Industrial Production Managers,Verbal Ability
63,Midwives,Verbal Ability
63,"Teaching Assistants, Postsecondary",Verbal Ability
63,Appraisers and Assessors of Real Estate,Verbal Ability
63,Cartographers and Photogrammetrists,Verbal Ability
63,First-Line Supervisors of Non-Retail Sales Workers,Verbal Ability
63,Museum Technicians and Conservators,Verbal Ability
63,Advertising Sales Agents,Verbal Ability
63,Agricultural Technicians,Verbal Ability
63,Anesthesiologist Assistants,Verbal Ability
63,Coaches and Scouts,Verbal Ability
63,First-Line Supervisors of Material-Moving Machine and Vehicle Operators,Verbal Ability
63,Fish and Game Wardens,Verbal Ability
63,Magnetic Resonance Imaging Technologists,Verbal Ability
63,Non-Destructive Testing Specialists,Verbal Ability
63,Special Effects Artists and Animators,Verbal Ability
63,Graphic Designers,Verbal Ability
63,Nuclear Medicine Technologists,Verbal Ability
63,Online Merchants,Verbal Ability
63,Postmasters and Mail Superintendents,Verbal Ability
63,Psychiatric Technicians,Verbal Ability
63,Real Estate Brokers,Verbal Ability
63,Respiratory Therapists,Verbal Ability
63,"Securities, Commodities, and Financial Services Sales Agents",Verbal Ability
63,Audio and Video Technicians,Verbal Ability
63,Bill and Account Collectors,Verbal Ability
63,Cardiovascular Technologists and Technicians,Verbal Ability
63,Music Directors and Composers,Verbal Ability
63,Photonics Technicians,Verbal Ability
63,Police and Sheriff's Patrol Officers,Verbal Ability
63,Solar Sales Representatives and Assessors,Verbal Ability
63,First-Line Supervisors of Gambling Services Workers,Verbal Ability
63,Gambling Managers,Verbal Ability
63,"Production, Planning, and Expediting Clerks",Verbal Ability
63,Sound Engineering Technicians,Verbal Ability
63,File Clerks,Verbal Ability
63,Hazardous Materials Removal Workers,Verbal Ability
60,Residential Advisors,Verbal Ability
60,Hydroelectric Plant Technicians,Verbal Ability
60,Animal Control Workers,Verbal Ability
60,First-Line Supervisors of Food Preparation and Serving Workers,Verbal Ability
60,Gambling Managers,Verbal Ability
60,Firefighters,Verbal Ability
60,"Model Makers, Wood",Verbal Ability
60,Postal Service Clerks,Verbal Ability
60,Recreation Workers,Verbal Ability
60,Recycling Coordinators,Verbal Ability
60,Solar Thermal Installers and Technicians,Verbal Ability
60,Transit and Railroad Police,Verbal Ability
60,Customer Service Representatives,Verbal Ability
60,Electricians,Verbal Ability
60,"Furnace, Kiln, Oven, Drier, and Kettle Operators and Tenders",Verbal Ability
60,Photographic Process Workers and Processing Machine Operators,Verbal Ability
60,Correctional Officers and Jailers,Verbal Ability
60,"Molders, Shapers, and Casters, Except Metal and Plastic",Verbal Ability
60,Nannies,Verbal Ability
60,"Weighers, Measurers, Checkers, and Samplers, Recordkeeping",Verbal Ability
60,Food Cooking Machine Operators and Tenders,Verbal Ability
60,Database Administrators,Verbal Ability
60,Computer Systems Analysts,Verbal Ability
60,Credit Analysts,Verbal Ability
60,Art Directors,Verbal Ability
60,Mechanical Engineering Technologists and Technicians,Verbal Ability
60,Spa Managers,Verbal Ability
60,Wind Energy Engineers,Verbal Ability
60,Computer Network Support Specialists,Verbal Ability
60,First-Line Supervisors of Personal Service Workers,Verbal Ability
60,Radio Frequency Identification Device Specialists,Verbal Ability
60,"Dentists, General",Verbal Ability
60,Film and Video Editors,Verbal Ability
60,Food Service Managers,Verbal Ability
60,Freight Forwarders,Verbal Ability
60,Licensed Practical and Licensed Vocational Nurses,Verbal Ability
60,"Geological Technicians, Except Hydrologic Technicians",Verbal Ability
60,"Captains, Mates, and Pilots of Water Vessels",Verbal Ability
60,Air Traffic Controllers,Verbal Ability
60,Automotive Engineering Technicians,Verbal Ability
60,"Court, Municipal, and License Clerks",Verbal Ability
60,"Interviewers, Except Eligibility and Loan",Verbal Ability
60,Insurance Claims and Policy Processing Clerks,Verbal Ability
60,Aircraft Mechanics and Service Technicians,Verbal Ability
60,Real Estate Sales Agents,Verbal Ability
60,Billing and Posting Clerks,Verbal Ability
60,Ophthalmic Medical Technicians,Verbal Ability
60,Order Clerks,Verbal Ability
60,Receptionists and Information Clerks,Verbal Ability
60,Parts Salespersons,Verbal Ability
59,Architectural and Civil Drafters,Verbal Ability
56,Computer Numerically Controlled Tool Programmers,Verbal Ability
56,Electro-Mechanical and Mechatronics Technologists and Technicians,Verbal Ability
56,First-Line Supervisors of Construction Trades and Extraction Workers,Verbal Ability
56,Library Technicians,Verbal Ability
56,Medical Equipment Repairers,Verbal Ability
56,Ophthalmic Medical Technicians,Verbal Ability
56,Chemical Plant and System Operators,Verbal Ability
56,"First-Line Supervisors of Landscaping, Lawn Service, and Groundskeeping Workers",Verbal Ability
56,Photographers,Verbal Ability
56,Commercial Divers,Verbal Ability
56,Hazardous Materials Removal Workers,Verbal Ability
56,Camera and Photographic Equipment Repairers,Verbal Ability
56,Chefs and Head Cooks,Verbal Ability
56,Dietetic Technicians,Verbal Ability
56,Power Plant Operators,Verbal Ability
56,Skincare Specialists,Verbal Ability
56,Wind Turbine Service Technicians,Verbal Ability
56,Automotive Service Technicians and Mechanics,Verbal Ability
56,Counter and Rental Clerks,Verbal Ability
56,Locomotive Engineers,Verbal Ability
56,Medical Appliance Technicians,Verbal Ability
56,Pharmacy Aides,Verbal Ability
56,Telephone Operators,Verbal Ability
56,Tellers,Verbal Ability
56,Athletes and Sports Competitors,Verbal Ability
56,Biomass Plant Technicians,Verbal Ability
56,Couriers and Messengers,Verbal Ability
56,"Forging Machine Setters, Operators, and Tenders, Metal and Plastic",Verbal Ability
56,"Maintenance Workers, Machinery",Verbal Ability
56,Personal Care Aides,Verbal Ability
56,Pest Control Workers,Verbal Ability
56,Railroad Conductors and Yardmasters,Verbal Ability
56,Upholsterers,Verbal Ability
56,Dental Laboratory Technicians,Verbal Ability
56,Chemical Engineers,Verbal Ability
56,Mechanical Engineers,Verbal Ability
56,"Compensation, Benefits, and Job Analysis Specialists",Verbal Ability
56,Logistics Analysts,Verbal Ability
56,Database Architects,Verbal Ability
56,Industrial Engineering Technologists and Technicians,Verbal Ability
56,Telecommunications Engineering Specialists,Verbal Ability
56,Computer Programmers,Verbal Ability
56,Nanotechnology Engineering Technologists and Technicians,Verbal Ability
56,Network and Computer Systems Administrators,Verbal Ability
56,Neurodiagnostic Technologists,Verbal Ability
56,Prosthodontists,Verbal Ability
56,Commercial Pilots,Verbal Ability
56,Electrical and Electronic Engineering Technologists and Technicians,Verbal Ability
56,Surgical Assistants,Verbal Ability
56,Forest Fire Inspectors and Prevention Specialists,Verbal Ability
56,"Buyers and Purchasing Agents, Farm Products",Verbal Ability
56,Electro-Mechanical and Mechatronics Technologists and Technicians,Verbal Ability
56,Mechanical Drafters,Verbal Ability
56,Ophthalmic Medical Technologists,Verbal Ability
56,Physical Therapist Assistants,Verbal Ability
56,Public Safety Telecommunicators,Verbal Ability
56,Word Processors and Typists,Verbal Ability
56,Biofuels Processing Technicians,Verbal Ability
56,Chemical Equipment Operators and Tenders,Verbal Ability
56,Choreographers,Verbal Ability
56,"Rotary Drill Operators, Oil and Gas",Verbal Ability
56,Animal Control Workers,Verbal Ability
56,Broadcast Technicians,Verbal Ability
56,Tellers,Verbal Ability
56,Veterinary Assistants and Laboratory Animal Caretakers,Verbal Ability
56,"Pump Operators, Except Wellhead Pumpers",Verbal Ability
56,Medical Equipment Preparers,Verbal Ability
53,Dental Hygienists,Verbal Ability
53,"Morticians, Undertakers, and Funeral Arrangers",Verbal Ability
53,Mechanical Drafters,Verbal Ability
53,Self-Enrichment Teachers,Verbal Ability
53,"Aircraft Structure, Surfaces, Rigging, and Systems Assemblers",Verbal Ability
53,"Electrical and Electronics Repairers, Commercial and Industrial Equipment",Verbal Ability
53,Gas Plant Operators,Verbal Ability
53,"Telecommunications Equipment Installers and Repairers, Except Line Installers",Verbal Ability
53,Concierges,Verbal Ability
53,"First-Line Supervisors of Farming, Fishing, and Forestry Workers",Verbal Ability
53,"Inspectors, Testers, Sorters, Samplers, and Weighers",Verbal Ability
53,"Mobile Heavy Equipment Mechanics, Except Engines",Verbal Ability
53,"Petroleum Pump System Operators, Refinery Operators, and Gaugers",Verbal Ability
53,"Heating, Air Conditioning, and Refrigeration Mechanics and Installers",Verbal Ability
53,"Radio, Cellular, and Tower Equipment Installers and Repairers",Verbal Ability
53,Recreational Vehicle Service Technicians,Verbal Ability
53,"Ambulance Drivers and Attendants, Except Emergency Medical Technicians",Verbal Ability
53,Cabinetmakers and Bench Carpenters,Verbal Ability
53,Childcare Workers,Verbal Ability
53,"Control and Valve Installers and Repairers, Except Mechanical Door",Verbal Ability
53,Elevator and Escalator Installers and Repairers,Verbal Ability
53,Farm Equipment Mechanics and Service Technicians,Verbal Ability
53,Gambling Surveillance Officers and Gambling Investigators,Verbal Ability
53,Massage Therapists,Verbal Ability
53,Medical Equipment Preparers,Verbal Ability
53,Millwrights,Verbal Ability
53,Occupational Therapy Aides,Verbal Ability
53,Stationary Engineers and Boiler Operators,Verbal Ability
53,Tour Guides and Escorts,Verbal Ability
53,Transportation Security Screeners,Verbal Ability
53,Adhesive Bonding Machine Operators and Tenders,Verbal Ability
53,Aircraft Cargo Handling Supervisors,Verbal Ability
53,Boilermakers,Verbal Ability
53,"Crushing, Grinding, and Polishing Machine Setters, Operators, and Tenders",Verbal Ability
53,"Cutting and Slicing Machine Setters, Operators, and Tenders",Verbal Ability
53,"Cutting, Punching, and Press Machine Setters, Operators, and Tenders, Metal and Plastic",Verbal Ability
53,"Electric Motor, Power Tool, and Related Repairers",Verbal Ability
53,Electrical and Electronic Equipment Assemblers,Verbal Ability
53,"Electronic Equipment Installers and Repairers, Motor Vehicles",Verbal Ability
53,Food Batchmakers,Verbal Ability
53,Gambling Cage Workers,Verbal Ability
53,"Grinding, Lapping, Polishing, and Buffing Machine Tool Setters, Operators, and Tenders, Metal and Plastic",Verbal Ability
53,Home Appliance Repairers,Verbal Ability
53,Industrial Machinery Mechanics,Verbal Ability
53,"Layout Workers, Metal and Plastic",Verbal Ability
53,"Mail Clerks and Mail Machine Operators, Except Postal Service",Verbal Ability
53,"Makeup Artists, Theatrical and Performance",Verbal Ability
53,"Mixing and Blending Machine Setters, Operators, and Tenders",Verbal Ability
53,"Model Makers, Metal and Plastic",Verbal Ability
53,"Molding, Coremaking, and Casting Machine Setters, Operators, and Tenders, Metal and Plastic",Verbal Ability
53,"Multiple Machine Tool Setters, Operators, and Tenders, Metal and Plastic",Verbal Ability
53,Nursing Assistants,Verbal Ability
53,"Pesticide Handlers, Sprayers, and Applicators, Vegetation",Verbal Ability
53,Prepress Technicians and Workers,Verbal Ability
53,Printing Press Operators,Verbal Ability
53,"Pump Operators, Except Wellhead Pumpers",Verbal Ability
53,"Rolling Machine Setters, Operators, and Tenders, Metal and Plastic",Verbal Ability
53,"Rotary Drill Operators, Oil and Gas",Verbal Ability
53,Sheet Metal Workers,Verbal Ability
53,Telemarketers,Verbal Ability
53,"Tool Grinders, Filers, and Sharpeners",Verbal Ability
53,Cashiers,Verbal Ability
53,"Drilling and Boring Machine Tool Setters, Operators, and Tenders, Metal and Plastic",Verbal Ability
53,"Extruding, Forming, Pressing, and Compacting Machine Setters, Operators, and Tenders",Verbal Ability
53,Gambling Change Persons and Booth Cashiers,Verbal Ability
53,Gas Compressor and Gas Pumping Station Operators,Verbal Ability
53,Mechanical Door Repairers,Verbal Ability
53,Print Binding and Finishing Workers,Verbal Ability
53,Stockers and Order Fillers,Verbal Ability
53,"Postal Service Mail Sorters, Processors, and Processing Machine Operators",Verbal Ability
53,"Bus Drivers, Transit and Intercity",Verbal Ability
53,Environmental Engineering Technologists and Technicians,Verbal Ability
53,"First-Line Supervisors of Mechanics, Installers, and Repairers",Verbal Ability
53,Commercial and Industrial Designers,Verbal Ability
53,"Morticians, Undertakers, and Funeral Arrangers",Verbal Ability
53,Robotics Technicians,Verbal Ability
53,Acupuncturists,Verbal Ability
53,Web Developers,Verbal Ability
53,Agricultural Inspectors,Verbal Ability
53,Self-Enrichment Teachers,Verbal Ability
53,Ship Engineers,Verbal Ability
53,"First-Line Supervisors of Farming, Fishing, and Forestry Workers",Verbal Ability
53,Retail Loss Prevention Specialists,Verbal Ability
53,Semiconductor Processing Technicians,Verbal Ability
53,Traffic Technicians,Verbal Ability
53,"Airline Pilots, Copilots, and Flight Engineers",Verbal Ability
53,Chefs and Head Cooks,Verbal Ability
53,"Electrical and Electronics Repairers, Powerhouse, Substation, and Relay",Verbal Ability
53,First-Line Supervisors of Construction Trades and Extraction Workers,Verbal Ability
53,Forest and Conservation Technicians,Verbal Ability
53,Recycling Coordinators,Verbal Ability
53,Residential Advisors,Verbal Ability
53,Tax Preparers,Verbal Ability
53,Cargo and Freight Agents,Verbal Ability
53,Computer Numerically Controlled Tool Programmers,Verbal Ability
53,Dietetic Technicians,Verbal Ability
53,"First-Line Supervisors of Landscaping, Lawn Service, and Groundskeeping Workers",Verbal Ability
53,Hearing Aid Specialists,Verbal Ability
53,Occupational Therapy Aides,Verbal Ability
53,Psychiatric Aides,Verbal Ability
53,Recreation Workers,Verbal Ability
53,Veterinary Technologists and Technicians,Verbal Ability
53,Water and Wastewater Treatment Plant and System Operators,Verbal Ability
53,Chemical Plant and System Operators,Verbal Ability
53,Dental Assistants,Verbal Ability
53,Endoscopy Technicians,Verbal Ability
53,Fabric and Apparel Patternmakers,Verbal Ability
53,Gas Plant Operators,Verbal Ability
53,Geothermal Technicians,Verbal Ability
53,Home Health Aides,Verbal Ability
53,"Maintenance and Repair Workers, General",Verbal Ability
53,Massage Therapists,Verbal Ability
53,Medical and Clinical Laboratory Technicians,Verbal Ability
53,Medical Secretaries and Administrative Assistants,Verbal Ability
53,Musicians and Singers,Verbal Ability
53,Pharmacy Technicians,Verbal Ability
53,Phlebotomists,Verbal Ability
53,Power Plant Operators,Verbal Ability
53,"Preschool Teachers, Except Special Education",Verbal Ability
53,Railroad Conductors and Yardmasters,Verbal Ability
53,Reservation and Transportation Ticket Agents and Travel Clerks,Verbal Ability
53,Travel Agents,Verbal Ability
53,Travel Guides,Verbal Ability
53,"Weighers, Measurers, Checkers, and Samplers, Recordkeeping",Verbal Ability
53,Aircraft Cargo Handling Supervisors,Verbal Ability
53,"Control and Valve Installers and Repairers, Except Mechanical Door",Verbal Ability
53,Data Entry Keyers,Verbal Ability
53,"Door-to-Door Sales Workers, News and Street Vendors, and Related Workers",Verbal Ability
53,Log Graders and Scalers,Verbal Ability
53,Nursing Assistants,Verbal Ability
53,Elevator and Escalator Installers and Repairers,Verbal Ability
53,Parking Enforcement Workers,Verbal Ability
53,Couriers and Messengers,Verbal Ability
52,"Railroad Brake, Signal, and Switch Operators and Locomotive Firers",Verbal Ability
52,Surveying and Mapping Technicians,Verbal Ability
50,Audiovisual Equipment Installers and Repairers,Verbal Ability
50,First-Line Supervisors of Retail Sales Workers,Verbal Ability
50,Surgical Technologists,Verbal Ability
50,Tool and Die Makers,Verbal Ability
50,Embalmers,Verbal Ability
50,"Explosives Workers, Ordnance Handling Experts, and Blasters",Verbal Ability
50,Manufactured Building and Mobile Home Installers,Verbal Ability
50,Baristas,Verbal Ability
50,Engine and Other Machine Assemblers,Verbal Ability
50,Gambling and Sports Book Writers and Runners,Verbal Ability
50,"Hotel, Motel, and Resort Desk Clerks",Verbal Ability
50,"Maintenance and Repair Workers, General",Verbal Ability
50,"Rail Yard Engineers, Dinkey Operators, and Hostlers",Verbal Ability
50,Sailors and Marine Oilers,Verbal Ability
50,Security and Fire Alarm Systems Installers,Verbal Ability
50,Animal Trainers,Verbal Ability
50,Bailiffs,Verbal Ability
50,Bartenders,Verbal Ability
50,Bicycle Repairers,Verbal Ability
50,Carpenters,Verbal Ability
50,"Coin, Vending, and Amusement Machine Servicers and Repairers",Verbal Ability
50,Computer Numerically Controlled Tool Operators,Verbal Ability
50,"Cooks, Institution and Cafeteria",Verbal Ability
50,"Cooks, Private Household",Verbal Ability
50,Cooling and Freezing Equipment Operators and Tenders,Verbal Ability
50,Demonstrators and Product Promoters,Verbal Ability
50,"Door-to-Door Sales Workers, News and Street Vendors, and Related Workers",Verbal Ability
50,Driver/Sales Workers,Verbal Ability
50,"Electrical and Electronics Installers and Repairers, Transportation Equipment",Verbal Ability
50,Etchers and Engravers,Verbal Ability
50,"Extruding and Forming Machine Setters, Operators, and Tenders, Synthetic and Glass Fibers",Verbal Ability
50,"Farmworkers, Farm, Ranch, and Aquacultural Animals",Verbal Ability
50,"Fine Artists, Including Painters, Sculptors, and Illustrators",Verbal Ability
50,First-Line Supervisors of Housekeeping and Janitorial Workers,Verbal Ability
50,Flight Attendants,Verbal Ability
50,Floral Designers,Verbal Ability
50,Funeral Attendants,Verbal Ability
50,Furniture Finishers,Verbal Ability
50,Geothermal Technicians,Verbal Ability
50,Glaziers,Verbal Ability
50,"Hairdressers, Hairstylists, and Cosmetologists",Verbal Ability
50,"Heat Treating Equipment Setters, Operators, and Tenders, Metal and Plastic",Verbal Ability
50,Heavy and Tractor-Trailer Truck Drivers,Verbal Ability
50,Home Health Aides,Verbal Ability
50,"Lathe and Turning Machine Tool Setters, Operators, and Tenders, Metal and Plastic",Verbal Ability
50,Light Truck Drivers,Verbal Ability
50,Locksmiths and Safe Repairers,Verbal Ability
50,Log Graders and Scalers,Verbal Ability
50,Machinists,Verbal Ability
50,Merchandise Displayers and Window Trimmers,Verbal Ability
50,"Meter Readers, Utilities",Verbal Ability
50,"Milling and Planing Machine Setters, Operators, and Tenders, Metal and Plastic",Verbal Ability
50,Motion Picture Projectionists,Verbal Ability
50,Ophthalmic Laboratory Technicians,Verbal Ability
50,Parking Enforcement Workers,Verbal Ability
50,Passenger Attendants,Verbal Ability
50,"Patternmakers, Metal and Plastic",Verbal Ability
50,"Patternmakers, Wood",Verbal Ability
50,Physical Therapist Aides,Verbal Ability
50,Pipelayers,Verbal Ability
50,Postal Service Mail Carriers,Verbal Ability
50,Retail Salespersons,Verbal Ability
50,Security Guards,Verbal Ability
50,"Shipping, Receiving, and Inventory Clerks",Verbal Ability
50,Structural Iron and Steel Workers,Verbal Ability
50,Subway and Streetcar Operators,Verbal Ability
50,"Tank Car, Truck, and Ship Loaders",Verbal Ability
50,Team Assemblers,Verbal Ability
50,Telecommunications Line Installers and Repairers,Verbal Ability
50,"Umpires, Referees, and Other Sports Officials",Verbal Ability
50,Veterinary Assistants and Laboratory Animal Caretakers,Verbal Ability
50,Watch and Clock Repairers,Verbal Ability
50,Automotive Body and Related Repairers,Verbal Ability
50,Bakers,Verbal Ability
50,Brickmasons and Blockmasons,Verbal Ability
50,Costume Attendants,Verbal Ability
50,"Earth Drillers, Except Oil and Gas",Verbal Ability
50,Electromechanical Equipment Assemblers,Verbal Ability
50,"Excavating and Loading Machine and Dragline Operators, Surface Mining",Verbal Ability
50,Fiberglass Laminators and Fabricators,Verbal Ability
50,Forest and Conservation Workers,Verbal Ability
50,"Laborers and Freight, Stock, and Material Movers, Hand",Verbal Ability
50,"Painters, Construction and Maintenance",Verbal Ability
50,"Service Unit Operators, Oil and Gas",Verbal Ability
50,"Switchboard Operators, Including Answering Service",Verbal Ability
50,Motorcycle Mechanics,Verbal Ability
50,"Plumbers, Pipefitters, and Steamfitters",Verbal Ability
50,Riggers,Verbal Ability
50,Segmental Pavers,Verbal Ability
50,Cytotechnologists,Verbal Ability
50,First-Line Supervisors of Retail Sales Workers,Verbal Ability
50,Medical and Clinical Laboratory Technologists,Verbal Ability
50,"Wholesale and Retail Buyers, Except Farm Products",Verbal Ability
50,Dental Hygienists,Verbal Ability
50,Firefighters,Verbal Ability
50,"First-Line Supervisors of Helpers, Laborers, and Material Movers, Hand",Verbal Ability
50,Commercial Divers,Verbal Ability
50,Nuclear Technicians,Verbal Ability
50,Solar Thermal Installers and Technicians,Verbal Ability
50,Stationary Engineers and Boiler Operators,Verbal Ability
50,Biomass Plant Technicians,Verbal Ability
50,Boilermakers,Verbal Ability
50,Childcare Workers,Verbal Ability
50,"Computer, Automated Teller, and Office Machine Repairers",Verbal Ability
50,Concierges,Verbal Ability
50,Correctional Officers and Jailers,Verbal Ability
50,Counter and Rental Clerks,Verbal Ability
50,Demonstrators and Product Promoters,Verbal Ability
50,"Electrical and Electronics Repairers, Commercial and Industrial Equipment",Verbal Ability
50,Electricians,Verbal Ability
50,Embalmers,Verbal Ability
50,First-Line Supervisors of Housekeeping and Janitorial Workers,Verbal Ability
50,Gambling Cage Workers,Verbal Ability
50,"Hotel, Motel, and Resort Desk Clerks",Verbal Ability
50,Hydroelectric Plant Technicians,Verbal Ability
50,"Library Assistants, Clerical",Verbal Ability
50,Library Technicians,Verbal Ability
50,"Makeup Artists, Theatrical and Performance",Verbal Ability
50,Medical Appliance Technicians,Verbal Ability
50,Medical Equipment Repairers,Verbal Ability
50,Merchandise Displayers and Window Trimmers,Verbal Ability
50,New Accounts Clerks,Verbal Ability
50,"Petroleum Pump System Operators, Refinery Operators, and Gaugers",Verbal Ability
50,Photographers,Verbal Ability
50,"Radio, Cellular, and Tower Equipment Installers and Repairers",Verbal Ability
50,Radiologic Technologists and Technicians,Verbal Ability
50,Retail Salespersons,Verbal Ability
50,Surgical Technologists,Verbal Ability
50,Team Assemblers,Verbal Ability
50,Animal Trainers,Verbal Ability
50,Bartenders,Verbal Ability
50,Conveyor Operators and Tenders,Verbal Ability
50,"Earth Drillers, Except Oil and Gas",Verbal Ability
50,"Food and Tobacco Roasting, Baking, and Drying Machine Operators and Tenders",Verbal Ability
50,Gas Compressor and Gas Pumping Station Operators,Verbal Ability
50,Home Appliance Repairers,Verbal Ability
50,Nannies,Verbal Ability
50,Personal Care Aides,Verbal Ability
50,Photographic Process Workers and Processing Machine Operators,Verbal Ability
50,Physical Therapist Aides,Verbal Ability
50,Security and Fire Alarm Systems Installers,Verbal Ability
50,"Service Unit Operators, Oil and Gas",Verbal Ability
50,Skincare Specialists,Verbal Ability
50,"Switchboard Operators, Including Answering Service",Verbal Ability
50,Wind Turbine Service Technicians,Verbal Ability
50,Cooling and Freezing Equipment Operators and Tenders,Verbal Ability
50,"Drilling and Boring Machine Tool Setters, Operators, and Tenders, Metal and Plastic",Verbal Ability
50,Gambling and Sports Book Writers and Runners,Verbal Ability
50,Locomotive Engineers,Verbal Ability
50,Mechanical Door Repairers,Verbal Ability
50,Pharmacy Aides,Verbal Ability
50,"Tank Car, Truck, and Ship Loaders",Verbal Ability
50,Manufactured Building and Mobile Home Installers,Verbal Ability
50,Locksmiths and Safe Repairers,Verbal Ability
50,Segmental Pavers,Verbal Ability
50,"Shipping, Receiving, and Inventory Clerks",Verbal Ability
47,"Camera Operators, Television, Video, and Film",Verbal Ability
47,Bus and Truck Mechanics and Diesel Engine Specialists,Verbal Ability
47,Gem and Diamond Workers,Verbal Ability
47,Animal Breeders,Verbal Ability
47,Craft Artists,Verbal Ability
47,Exercise Trainers and Group Fitness Instructors,Verbal Ability
47,Farm Labor Contractors,Verbal Ability
47,"Glass Blowers, Molders, Benders, and Finishers",Verbal Ability
47,Packaging and Filling Machine Operators and Tenders,Verbal Ability
47,"Plating Machine Setters, Operators, and Tenders, Metal and Plastic",Verbal Ability
47,"Potters, Manufacturing",Verbal Ability
47,Shoe Machine Operators and Tenders,Verbal Ability
47,Signal and Track Switch Repairers,Verbal Ability
47,Structural Metal Fabricators and Fitters,Verbal Ability
47,Weatherization Installers and Technicians,Verbal Ability
47,Automotive and Watercraft Service Attendants,Verbal Ability
47,Baggage Porters and Bellhops,Verbal Ability
47,Bridge and Lock Tenders,Verbal Ability
47,Butchers and Meat Cutters,Verbal Ability
47,Construction Laborers,Verbal Ability
47,Conveyor Operators and Tenders,Verbal Ability
47,"Cooks, Short Order",Verbal Ability
47,Crane and Tower Operators,Verbal Ability
47,Electrical Power-Line Installers and Repairers,Verbal Ability
47,"Extruding and Drawing Machine Setters, Operators, and Tenders, Metal and Plastic",Verbal Ability
47,Metal-Refining Furnace Operators and Tenders,Verbal Ability
47,Operating Engineers and Other Construction Equipment Operators,Verbal Ability
47,"Separating, Filtering, Clarifying, Precipitating, and Still Machine Setters, Operators, and Tenders",Verbal Ability
47,Solar Photovoltaic Installers,Verbal Ability
47,"Stone Cutters and Carvers, Manufacturing",Verbal Ability
47,"Tailors, Dressmakers, and Custom Sewers",Verbal Ability
47,Tile and Stone Setters,Verbal Ability
47,Waiters and Waitresses,Verbal Ability
47,"Woodworking Machine Setters, Operators, and Tenders, Except Sawing",Verbal Ability
47,Animal Caretakers,Verbal Ability
47,"Coil Winders, Tapers, and Finishers",Verbal Ability
47,"Cooks, Fast Food",Verbal Ability
47,Drywall and Ceiling Tile Installers,Verbal Ability
47,Rail-Track Laying and Maintenance Equipment Operators,Verbal Ability
47,Wellhead Pumpers,Verbal Ability
47,"Hosts and Hostesses, Restaurant, Lounge, and Coffee Shop",Verbal Ability
47,"Painting, Coating, and Decorating Workers",Verbal Ability
47,Hoist and Winch Operators,Verbal Ability
47,"Ushers, Lobby Attendants, and Ticket Takers",Verbal Ability
47,Helpers--Production Workers,Verbal Ability
47,Tire Repairers and Changers,Verbal Ability
47,Actors,Verbal Ability
47,First-Line Supervisors of Food Preparation and Serving Workers,Verbal Ability
47,"Ambulance Drivers and Attendants, Except Emergency Medical Technicians",Verbal Ability
47,Computer Numerically Controlled Tool Operators,Verbal Ability
47,Driver/Sales Workers,Verbal Ability
47,"Electrical and Electronics Installers and Repairers, Transportation Equipment",Verbal Ability
47,"Electronic Equipment Installers and Repairers, Motor Vehicles",Verbal Ability
47,Farm Labor Contractors,Verbal Ability
47,"Fine Artists, Including Painters, Sculptors, and Illustrators",Verbal Ability
47,"Inspectors, Testers, Sorters, Samplers, and Weighers",Verbal Ability
47,Prepress Technicians and Workers,Verbal Ability
47,Signal and Track Switch Repairers,Verbal Ability
47,"Telecommunications Equipment Installers and Repairers, Except Line Installers",Verbal Ability
47,Tool and Die Makers,Verbal Ability
47,Costume Attendants,Verbal Ability
47,"Electric Motor, Power Tool, and Related Repairers",Verbal Ability
47,Flight Attendants,Verbal Ability
47,Floral Designers,Verbal Ability
47,"Model Makers, Wood",Verbal Ability
47,"Multiple Machine Tool Setters, Operators, and Tenders, Metal and Plastic",Verbal Ability
47,Sailors and Marine Oilers,Verbal Ability
47,"Aircraft Structure, Surfaces, Rigging, and Systems Assemblers",Verbal Ability
47,Audiovisual Equipment Installers and Repairers,Verbal Ability
47,Exercise Trainers and Group Fitness Instructors,Verbal Ability
47,"Explosives Workers, Ordnance Handling Experts, and Blasters",Verbal Ability
47,"Forging Machine Setters, Operators, and Tenders, Metal and Plastic",Verbal Ability
47,"Furnace, Kiln, Oven, Drier, and Kettle Operators and Tenders",Verbal Ability
47,"Mail Clerks and Mail Machine Operators, Except Postal Service",Verbal Ability
47,Postal Service Clerks,Verbal Ability
47,Print Binding and Finishing Workers,Verbal Ability
47,Recreational Vehicle Service Technicians,Verbal Ability
47,"Cooks, Institution and Cafeteria",Verbal Ability
47,"Cooks, Private Household",Verbal Ability
47,"Cutting and Slicing Machine Setters, Operators, and Tenders",Verbal Ability
47,Electromechanical Equipment Assemblers,Verbal Ability
47,"Farmworkers and Laborers, Crop, Nursery, and Greenhouse",Verbal Ability
47,"Heat Treating Equipment Setters, Operators, and Tenders, Metal and Plastic",Verbal Ability
47,"Mixing and Blending Machine Setters, Operators, and Tenders",Verbal Ability
47,Telecommunications Line Installers and Repairers,Verbal Ability
47,"Umpires, Referees, and Other Sports Officials",Verbal Ability
47,Bicycle Repairers,Verbal Ability
47,"Heating, Air Conditioning, and Refrigeration Mechanics and Installers",Verbal Ability
47,"Layout Workers, Metal and Plastic",Verbal Ability
47,"Railroad Brake, Signal, and Switch Operators and Locomotive Firers",Verbal Ability
47,Security Guards,Verbal Ability
47,Crane and Tower Operators,Verbal Ability
47,"Model Makers, Metal and Plastic",Verbal Ability
47,Musical Instrument Repairers and Tuners,Verbal Ability
47,"Office Machine Operators, Except Computer",Verbal Ability
47,"Rolling Machine Setters, Operators, and Tenders, Metal and Plastic",Verbal Ability
47,"Excavating and Loading Machine and Dragline Operators, Surface Mining",Verbal Ability
47,Gambling Change Persons and Booth Cashiers,Verbal Ability
47,Ophthalmic Laboratory Technicians,Verbal Ability
47,Tour Guides and Escorts,Verbal Ability
47,"Hairdressers, Hairstylists, and Cosmetologists",Verbal Ability
44,"Refractory Materials Repairers, Except Brickmasons",Verbal Ability
44,"Transportation Vehicle, Equipment and Systems Inspectors, Except Aviation",Verbal Ability
44,Barbers,Verbal Ability
44,"Coating, Painting, and Spraying Machine Setters, Operators, and Tenders",Verbal Ability
44,"Cooks, Restaurant",Verbal Ability
44,"Floor Layers, Except Carpet, Wood, and Hard Tiles",Verbal Ability
44,"Food and Tobacco Roasting, Baking, and Drying Machine Operators and Tenders",Verbal Ability
44,"Lifeguards, Ski Patrol, and Other Recreational Protective Service Workers",Verbal Ability
44,"Loading and Moving Machine Operators, Underground Mining",Verbal Ability
44,"Locker Room, Coatroom, and Dressing Room Attendants",Verbal Ability
44,Motorboat Mechanics and Service Technicians,Verbal Ability
44,Motorboat Operators,Verbal Ability
44,Musical Instrument Repairers and Tuners,Verbal Ability
44,"Paper Goods Machine Setters, Operators, and Tenders",Verbal Ability
44,Rail Car Repairers,Verbal Ability
44,Amusement and Recreation Attendants,Verbal Ability
44,Dancers,Verbal Ability
44,"Food Servers, Nonrestaurant",Verbal Ability
44,"Grinding and Polishing Workers, Hand",Verbal Ability
44,"Insulation Workers, Mechanical",Verbal Ability
44,Orderlies,Verbal Ability
44,Recycling and Reclamation Workers,Verbal Ability
44,Shoe and Leather Workers and Repairers,Verbal Ability
44,Textile Bleaching and Dyeing Machine Operators and Tenders,Verbal Ability
44,"Textile Cutting Machine Setters, Operators, and Tenders",Verbal Ability
44,"Derrick Operators, Oil and Gas",Verbal Ability
44,"Cutters and Trimmers, Hand",Verbal Ability
44,"Insulation Workers, Floor, Ceiling, and Wall",Verbal Ability
44,Plasterers and Stucco Masons,Verbal Ability
44,Septic Tank Servicers and Sewer Pipe Cleaners,Verbal Ability
44,"Textile Knitting and Weaving Machine Setters, Operators, and Tenders",Verbal Ability
44,Helpers--Extraction Workers,Verbal Ability
44,"Pourers and Casters, Metal",Verbal Ability
44,Stonemasons,Verbal Ability
44,Laundry and Dry-Cleaning Workers,Verbal Ability
44,"Camera Operators, Television, Video, and Film",Verbal Ability
44,Printing Press Operators,Verbal Ability
44,Weatherization Installers and Technicians,Verbal Ability
44,Athletes and Sports Competitors,Verbal Ability
44,Bridge and Lock Tenders,Verbal Ability
44,Industrial Machinery Mechanics,Verbal Ability
44,Machinists,Verbal Ability
44,Millwrights,Verbal Ability
44,Motorcycle Mechanics,Verbal Ability
44,"Patternmakers, Metal and Plastic",Verbal Ability
44,"Plating Machine Setters, Operators, and Tenders, Metal and Plastic",Verbal Ability
44,Telemarketers,Verbal Ability
44,Cashiers,Verbal Ability
44,Farm Equipment Mechanics and Service Technicians,Verbal Ability
44,Food Batchmakers,Verbal Ability
44,Machine Feeders and Offbearers,Verbal Ability
44,"Mobile Heavy Equipment Mechanics, Except Engines",Verbal Ability
44,Outdoor Power Equipment and Other Small Engine Mechanics,Verbal Ability
44,Subway and Streetcar Operators,Verbal Ability
44,"Transportation Vehicle, Equipment and Systems Inspectors, Except Aviation",Verbal Ability
44,"Derrick Operators, Oil and Gas",Verbal Ability
44,Baristas,Verbal Ability
44,Carpenters,Verbal Ability
44,"Coin, Vending, and Amusement Machine Servicers and Repairers",Verbal Ability
44,Craft Artists,Verbal Ability
44,Electrical and Electronic Equipment Assemblers,Verbal Ability
44,"Rail Yard Engineers, Dinkey Operators, and Hostlers",Verbal Ability
44,Recycling and Reclamation Workers,Verbal Ability
44,"Tailors, Dressmakers, and Custom Sewers",Verbal Ability
44,Transportation Security Screeners,Verbal Ability
44,"Crushing, Grinding, and Polishing Machine Setters, Operators, and Tenders",Verbal Ability
44,Food Cooking Machine Operators and Tenders,Verbal Ability
44,"Patternmakers, Wood",Verbal Ability
44,Dental Laboratory Technicians,Verbal Ability
44,Forest and Conservation Workers,Verbal Ability
44,"Meter Readers, Utilities",Verbal Ability
44,Motorboat Mechanics and Service Technicians,Verbal Ability
44,Rail Car Repairers,Verbal Ability
44,Adhesive Bonding Machine Operators and Tenders,Verbal Ability
44,Bailiffs,Verbal Ability
44,Cabinetmakers and Bench Carpenters,Verbal Ability
44,"Cooks, Restaurant",Verbal Ability
44,Light Truck Drivers,Verbal Ability
44,"Locker Room, Coatroom, and Dressing Room Attendants",Verbal Ability
44,Metal-Refining Furnace Operators and Tenders,Verbal Ability
44,Baggage Porters and Bellhops,Verbal Ability
44,"Molding, Coremaking, and Casting Machine Setters, Operators, and Tenders, Metal and Plastic",Verbal Ability
44,Orderlies,Verbal Ability
44,Stonemasons,Verbal Ability
44,"Bus Drivers, Transit and Intercity",Verbal Ability
44,"Laborers and Freight, Stock, and Material Movers, Hand",Verbal Ability
42,Jewelers and Precious Stone and Metal Workers,Verbal Ability
42,Fishing and Hunting Workers,Verbal Ability
41,Machine Feeders and Offbearers,Verbal Ability
41,Gambling Dealers,Verbal Ability
41,Roofers,Verbal Ability
41,Timing Device Assemblers and Adjusters,Verbal Ability
41,Highway Maintenance Workers,Verbal Ability
41,Outdoor Power Equipment and Other Small Engine Mechanics,Verbal Ability
41,"Welding, Soldering, and Brazing Machine Setters, Operators, and Tenders",Verbal Ability
41,Tree Trimmers and Pruners,Verbal Ability
41,Automotive Glass Installers and Repairers,Verbal Ability
41,Carpet Installers,Verbal Ability
41,"Farmworkers and Laborers, Crop, Nursery, and Greenhouse",Verbal Ability
41,Sewing Machine Operators,Verbal Ability
41,Shampooers,Verbal Ability
41,Parking Attendants,Verbal Ability
41,Logging Equipment Operators,Verbal Ability
41,"Roof Bolters, Mining",Verbal Ability
41,"Extruding and Forming Machine Setters, Operators, and Tenders, Synthetic and Glass Fibers",Verbal Ability
41,Etchers and Engravers,Verbal Ability
41,Packaging and Filling Machine Operators and Tenders,Verbal Ability
41,"Potters, Manufacturing",Verbal Ability
41,"Separating, Filtering, Clarifying, Precipitating, and Still Machine Setters, Operators, and Tenders",Verbal Ability
41,Electrical Power-Line Installers and Repairers,Verbal Ability
41,"Maintenance Workers, Machinery",Verbal Ability
41,Motorboat Operators,Verbal Ability
41,Telephone Operators,Verbal Ability
41,"Refractory Materials Repairers, Except Brickmasons",Verbal Ability
41,Bus and Truck Mechanics and Diesel Engine Specialists,Verbal Ability
41,"Farmworkers, Farm, Ranch, and Aquacultural Animals",Verbal Ability
41,Fiberglass Laminators and Fabricators,Verbal Ability
41,"Glass Blowers, Molders, Benders, and Finishers",Verbal Ability
41,"Lifeguards, Ski Patrol, and Other Recreational Protective Service Workers",Verbal Ability
41,"Pesticide Handlers, Sprayers, and Applicators, Vegetation",Verbal Ability
41,Automotive Service Technicians and Mechanics,Verbal Ability
41,Dancers,Verbal Ability
41,Funeral Attendants,Verbal Ability
41,Motion Picture Projectionists,Verbal Ability
41,"Milling and Planing Machine Setters, Operators, and Tenders, Metal and Plastic",Verbal Ability
41,Passenger Attendants,Verbal Ability
41,"Plumbers, Pipefitters, and Steamfitters",Verbal Ability
41,Timing Device Assemblers and Adjusters,Verbal Ability
41,Wellhead Pumpers,Verbal Ability
41,"Coating, Painting, and Spraying Machine Setters, Operators, and Tenders",Verbal Ability
41,Pipelayers,Verbal Ability
41,Animal Breeders,Verbal Ability
41,Automotive and Watercraft Service Attendants,Verbal Ability
41,"Extruding, Forming, Pressing, and Compacting Machine Setters, Operators, and Tenders",Verbal Ability
41,"Meat, Poultry, and Fish Cutters and Trimmers",Verbal Ability
41,Upholsterers,Verbal Ability
41,Amusement and Recreation Attendants,Verbal Ability
41,Parking Attendants,Verbal Ability
38,"Sawing Machine Setters, Operators, and Tenders, Wood",Verbal Ability
38,Maids and Housekeeping Cleaners,Verbal Ability
38,Paperhangers,Verbal Ability
38,Food Preparation Workers,Verbal Ability
38,"Sewers, Hand",Verbal Ability
38,Tapers,Verbal Ability
38,"Helpers--Installation, Maintenance, and Repair Workers",Verbal Ability
38,Manicurists and Pedicurists,Verbal Ability
38,Refuse and Recyclable Material Collectors,Verbal Ability
38,Tire Builders,Verbal Ability
38,Reinforcing Iron and Rebar Workers,Verbal Ability
38,Gem and Diamond Workers,Verbal Ability
38,Septic Tank Servicers and Sewer Pipe Cleaners,Verbal Ability
38,"Cutting, Punching, and Press Machine Setters, Operators, and Tenders, Metal and Plastic",Verbal Ability
38,"Grinding and Polishing Workers, Hand",Verbal Ability
38,Solar Photovoltaic Installers,Verbal Ability
38,Tree Trimmers and Pruners,Verbal Ability
38,Bakers,Verbal Ability
38,Highway Maintenance Workers,Verbal Ability
38,"Hosts and Hostesses, Restaurant, Lounge, and Coffee Shop",Verbal Ability
38,Stockers and Order Fillers,Verbal Ability
38,Structural Metal Fabricators and Fitters,Verbal Ability
38,"Tool Grinders, Filers, and Sharpeners",Verbal Ability
38,Watch and Clock Repairers,Verbal Ability
38,Animal Caretakers,Verbal Ability
38,"Paper Goods Machine Setters, Operators, and Tenders",Verbal Ability
38,Plasterers and Stucco Masons,Verbal Ability
38,Rail-Track Laying and Maintenance Equipment Operators,Verbal Ability
38,Tile and Stone Setters,Verbal Ability
38,Automotive Glass Installers and Repairers,Verbal Ability
38,"Floor Layers, Except Carpet, Wood, and Hard Tiles",Verbal Ability
38,"Food Servers, Nonrestaurant",Verbal Ability
38,Heavy and Tractor-Trailer Truck Drivers,Verbal Ability
38,Hoist and Winch Operators,Verbal Ability
38,"Lathe and Turning Machine Tool Setters, Operators, and Tenders, Metal and Plastic",Verbal Ability
38,"Molders, Shapers, and Casters, Except Metal and Plastic",Verbal Ability
38,Sheet Metal Workers,Verbal Ability
38,"Textile Knitting and Weaving Machine Setters, Operators, and Tenders",Verbal Ability
38,Waiters and Waitresses,Verbal Ability
38,"Welding, Soldering, and Brazing Machine Setters, Operators, and Tenders",Verbal Ability
38,Industrial Truck and Tractor Operators,Verbal Ability
38,"Postal Service Mail Sorters, Processors, and Processing Machine Operators",Verbal Ability
38,Refuse and Recyclable Material Collectors,Verbal Ability
38,Shampooers,Verbal Ability
38,Textile Bleaching and Dyeing Machine Operators and Tenders,Verbal Ability
36,Jewelers and Precious Stone and Metal Workers,Verbal Ability
35,"Meat, Poultry, and Fish Cutters and Trimmers",Verbal Ability
35,Helpers--Electricians,Verbal Ability
35,Helpers--Roofers,Verbal Ability
35,"Rock Splitters, Quarry",Verbal Ability
35,Continuous Mining Machine Operators,Verbal Ability
35,"Textile Winding, Twisting, and Drawing Out Machine Setters, Operators, and Tenders",Verbal Ability
35,"Welders, Cutters, Solderers, and Brazers",Verbal Ability
35,Dredge Operators,Verbal Ability
35,Fast Food and Counter Workers,Verbal Ability
35,Floor Sanders and Finishers,Verbal Ability
35,Industrial Truck and Tractor Operators,Verbal Ability
35,"Paving, Surfacing, and Tamping Equipment Operators",Verbal Ability
35,Crossing Guards and Flaggers,Verbal Ability
35,Camera and Photographic Equipment Repairers,Verbal Ability
35,Drywall and Ceiling Tile Installers,Verbal Ability
35,Riggers,Verbal Ability
35,Helpers--Electricians,Verbal Ability
35,Models,Verbal Ability
35,"Coil Winders, Tapers, and Finishers",Verbal Ability
35,Dredge Operators,Verbal Ability
35,"Insulation Workers, Mechanical",Verbal Ability
35,Tire Repairers and Changers,Verbal Ability
35,"Cooks, Fast Food",Verbal Ability
35,"Sewers, Hand",Verbal Ability
35,Carpet Installers,Verbal Ability
35,Crossing Guards and Flaggers,Verbal Ability
31,Agricultural Equipment Operators,Verbal Ability
31,"Cleaning, Washing, and Metal Pickling Equipment Operators and Tenders",Verbal Ability
31,Fence Erectors,Verbal Ability
31,"Janitors and Cleaners, Except Maids and Housekeeping Cleaners",Verbal Ability
31,Models,Verbal Ability
31,Pile Driver Operators,Verbal Ability
31,Helpers--Carpenters,Verbal Ability
31,"Helpers--Brickmasons, Blockmasons, Stonemasons, and Tile and Marble Setters",Verbal Ability
31,"Roustabouts, Oil and Gas",Verbal Ability
31,Landscaping and Groundskeeping Workers,Verbal Ability
31,"Cooks, Short Order",Verbal Ability
31,Engine and Other Machine Assemblers,Verbal Ability
31,Furniture Finishers,Verbal Ability
31,Glaziers,Verbal Ability
31,Logging Equipment Operators,Verbal Ability
31,Operating Engineers and Other Construction Equipment Operators,Verbal Ability
31,"Painters, Construction and Maintenance",Verbal Ability
31,Postal Service Mail Carriers,Verbal Ability
31,Structural Iron and Steel Workers,Verbal Ability
31,Automotive Body and Related Repairers,Verbal Ability
31,Brickmasons and Blockmasons,Verbal Ability
31,"Cleaning, Washing, and Metal Pickling Equipment Operators and Tenders",Verbal Ability
31,Continuous Mining Machine Operators,Verbal Ability
31,Food Preparation Workers,Verbal Ability
31,"Grinding, Lapping, Polishing, and Buffing Machine Tool Setters, Operators, and Tenders, Metal and Plastic",Verbal Ability
31,Helpers--Extraction Workers,Verbal Ability
31,"Insulation Workers, Floor, Ceiling, and Wall",Verbal Ability
31,Shoe and Leather Workers and Repairers,Verbal Ability
31,"Ushers, Lobby Attendants, and Ticket Takers",Verbal Ability
31,Barbers,Verbal Ability
31,"Cutters and Trimmers, Hand",Verbal Ability
31,Helpers--Carpenters,Verbal Ability
31,"Janitors and Cleaners, Except Maids and Housekeeping Cleaners",Verbal Ability
31,Paperhangers,Verbal Ability
31,Gambling Dealers,Verbal Ability
31,"Stone Cutters and Carvers, Manufacturing",Verbal Ability
30,Fishing and Hunting Workers,Verbal Ability
28,"Helpers--Pipelayers, Plumbers, Pipefitters, and Steamfitters",Verbal Ability
28,Cement Masons and Concrete Finishers,Verbal Ability
28,Dining Room and Cafeteria Attendants and Bartender Helpers,Verbal Ability
28,Foundry Mold and Coremakers,Verbal Ability
28,"Packers and Packagers, Hand",Verbal Ability
28,Terrazzo Workers and Finishers,Verbal Ability
28,"Helpers--Painters, Paperhangers, Plasterers, and Stucco Masons",Verbal Ability
28,"Graders and Sorters, Agricultural Products",Verbal Ability
28,Fallers,Verbal Ability
28,Butchers and Meat Cutters,Verbal Ability
28,"Loading and Moving Machine Operators, Underground Mining",Verbal Ability
28,"Roof Bolters, Mining",Verbal Ability
28,"Rock Splitters, Quarry",Verbal Ability
28,Roofers,Verbal Ability
28,Construction Laborers,Verbal Ability
28,"Extruding and Drawing Machine Setters, Operators, and Tenders, Metal and Plastic",Verbal Ability
28,Fence Erectors,Verbal Ability
28,Floor Sanders and Finishers,Verbal Ability
28,"Helpers--Installation, Maintenance, and Repair Workers",Verbal Ability
28,"Pourers and Casters, Metal",Verbal Ability
28,Shoe Machine Operators and Tenders,Verbal Ability
28,"Textile Cutting Machine Setters, Operators, and Tenders",Verbal Ability
28,"Textile Winding, Twisting, and Drawing Out Machine Setters, Operators, and Tenders",Verbal Ability
28,Cement Masons and Concrete Finishers,Verbal Ability
28,"Painting, Coating, and Decorating Workers",Verbal Ability
28,"Sawing Machine Setters, Operators, and Tenders, Wood",Verbal Ability
28,Fast Food and Counter Workers,Verbal Ability
28,Manicurists and Pedicurists,Verbal Ability
28,"Helpers--Painters, Paperhangers, Plasterers, and Stucco Masons",Verbal Ability
25,Cleaners of Vehicles and Equipment,Verbal Ability
25,Dishwashers,Verbal Ability
25,Agricultural Equipment Operators,Verbal Ability
25,Foundry Mold and Coremakers,Verbal Ability
25,Helpers--Production Workers,Verbal Ability
25,Laundry and Dry-Cleaning Workers,Verbal Ability
25,Maids and Housekeeping Cleaners,Verbal Ability
25,Pile Driver Operators,Verbal Ability
25,Helpers--Roofers,Verbal Ability
25,"Packers and Packagers, Hand",Verbal Ability
25,Sewing Machine Operators,Verbal Ability
25,Tapers,Verbal Ability
25,Tire Builders,Verbal Ability
25,"Woodworking Machine Setters, Operators, and Tenders, Except Sawing",Verbal Ability
25,Dishwashers,Verbal Ability
25,"Roustabouts, Oil and Gas",Verbal Ability
25,Fallers,Verbal Ability
25,"Helpers--Brickmasons, Blockmasons, Stonemasons, and Tile and Marble Setters",Verbal Ability
25,Cleaners of Vehicles and Equipment,Verbal Ability
25,Dining Room and Cafeteria Attendants and Bartender Helpers,Verbal Ability
25,"Helpers--Pipelayers, Plumbers, Pipefitters, and Steamfitters",Verbal Ability
22,"Pressers, Textile, Garment, and Related Materials",Verbal Ability
22,Slaughterers and Meat Packers,Verbal Ability
22,"Graders and Sorters, Agricultural Products",Verbal Ability
22,"Paving, Surfacing, and Tamping Equipment Operators",Verbal Ability
22,Reinforcing Iron and Rebar Workers,Verbal Ability
22,Slaughterers and Meat Packers,Verbal Ability
22,"Pressers, Textile, Garment, and Related Materials",Verbal Ability
22,Terrazzo Workers and Finishers,Verbal Ability
19,"Welders, Cutters, Solderers, and Brazers",Verbal Ability
19,Landscaping and Groundskeeping Workers,Verbal Ability
